time;nof_ue;dl_brate;ul_brate;proc_rmem;proc_rmem_kB;proc_vmem_kB;sys_mem;system_load;thread_count;cpu_0;cpu_1;cpu_2;cpu_3
0;0;0.0;0.0;11;920704;1576412;83;3.2;14;0.0;0.0;0.0;0.0
1;0;0.0;0.0;0.0;0;0;0.0;0.0;0;0.0;0.0;0.0;0.0
2;0;0.0;0.0;11;921092;1641948;84;6.4;14;23;23;29;23
3;0;0.0;0.0;13;1061536;1773020;86;9.5;14;25;24;28;26
4;0;0.0;0.0;13;1061536;1773020;86;7.0;14;19;20;14;22
5;0;0.0;0.0;13;1061536;1773020;86;7.5;14;23;26;21;27
6;0;0.0;0.0;13;1061536;1773020;86;9.3;14;36;37;39;43
7;0;0.0;0.0;13;1061536;1773020;86;7.0;14;19;17;15;26
8;0;0.0;0.0;13;1061536;1773020;86;7.0;14;19;17;15;31
9;0;0.0;0.0;13;1061536;1773020;86;7.0;14;19;17;15;26
10;0;0.0;0.0;13;1061536;1773020;86;7.0;14;19;16;15;26
11;0;0.0;0.0;13;1061536;1773020;86;7.3;14;19;15;15;26
12;0;0.0;0.0;13;1061536;1773020;86;7.0;14;19;16;15;25
13;0;0.0;0.0;13;1061536;1773020;86;7.0;14;20;16;16;31
14;0;0.0;0.0;13;1061536;1773020;86;7.3;14;21;18;17;29
15;0;0.0;0.0;13;1061536;1773020;86;7.0;14;19;16;14;26
16;0;0.0;0.0;13;1061536;1773020;86;6.8;14;18;24;16;28
17;0;0.0;0.0;13;1061536;1773020;86;7.2;14;21;21;16;27
18;0;0.0;0.0;13;1061536;1773020;86;8.3;14;29;31;29;33
19;0;0.0;0.0;13;1061536;1773020;86;8.0;14;26;25;24;33
20;0;0.0;0.0;13;1061536;1773020;86;7.2;14;20;18;17;28
21;0;0.0;0.0;13;1061536;1773020;86;7.0;14;22;19;18;27
22;0;0.0;0.0;13;1061536;1773020;86;7.5;14;19;17;23;27
23;0;0.0;0.0;13;1061536;1773020;86;6.8;14;24;29;20;28
24;0;0.0;0.0;13;1061536;1773020;86;7.0;14;19;16;16;26
25;0;0.0;0.0;13;1061536;1773020;86;7.0;14;19;16;16;25
26;0;0.0;0.0;13;1061536;1773020;86;7.2;14;19;17;15;27
27;0;0.0;0.0;13;1061536;1773020;86;7.0;14;18;16;15;26
28;0;0.0;0.0;13;1061536;1773020;86;7.8;14;29;24;33;33
29;0;0.0;0.0;13;1061536;1773020;86;8.0;14;30;33;28;39
30;0;0.0;0.0;13;1061536;1773020;86;7.0;14;20;19;21;27
31;0;0.0;0.0;13;1061536;1773020;86;7.2;14;19;17;24;26
32;0;0.0;0.0;13;1061536;1773020;86;7.0;14;18;17;15;27
33;0;0.0;0.0;13;1061536;1773020;86;7.3;14;19;19;15;23
34;0;0.0;0.0;13;1061536;1773020;86;15;14;43;49;33;46
35;0;0.0;0.0;13;1061800;1773020;86;24;14;60;69;47;70
36;0;0.0;0.0;13;1061800;1773020;86;25;14;56;69;43;69
37;0;0.0;0.0;13;1062064;1773020;86;24;14;51;71;41;69
38;0;0.0;0.0;13;1062328;1773020;86;24;14;53;69;39;70
39;0;0.0;0.0;13;1062592;1773020;86;24;14;52;69;40;68
40;0;0.0;0.0;13;1062592;1773020;87;24;14;54;67;43;68
41;0;0.0;0.0;13;1062856;1773020;87;24;14;52;69;41;68
42;0;0.0;0.0;13;1063120;1773020;87;24;14;51;67;43;68
43;0;0.0;0.0;13;1063384;1773020;87;24;14;52;67;37;69
44;0;0.0;0.0;13;1063384;1773020;87;24;14;55;67;39;69
45;0;0.0;0.0;13;1063648;1773020;87;24;14;54;67;41;67
46;0;0.0;0.0;13;1063912;1773020;87;24;14;52;67;39;67
47;0;0.0;0.0;13;1064176;1773020;87;24;14;54;67;37;69
48;0;0.0;0.0;13;1064176;1773020;87;24;14;51;68;41;68
49;0;0.0;0.0;13;1064440;1773020;87;24;14;54;67;47;67
50;0;0.0;0.0;13;1064704;1773020;87;24;14;54;67;39;69
51;0;0.0;0.0;13;1064968;1773020;87;24;14;55;68;40;70
52;0;0.0;0.0;13;1064968;1773020;87;24;14;51;70;38;69
53;0;0.0;0.0;13;1065232;1773020;87;24;14;55;68;40;68
54;0;0.0;0.0;13;1065756;1773020;87;24;14;55;66;41;67
55;0;0.0;0.0;13;1066020;1773020;87;24;14;51;67;39;67
56;0;0.0;0.0;13;1066020;1773020;87;24;14;55;68;43;66
57;0;0.0;0.0;13;1066284;1773020;87;24;14;52;67;42;68
58;0;0.0;0.0;13;1066548;1773020;87;25;14;55;69;42;68
59;0;0.0;0.0;13;1066812;1773020;87;25;14;53;68;46;69
60;0;0.0;0.0;13;1066812;1773020;87;24;14;56;67;39;68
61;0;0.0;0.0;13;1067076;1773020;87;24;14;52;68;39;70
62;0;0.0;0.0;13;1067340;1773020;88;24;14;55;68;41;70
63;0;0.0;0.0;13;1067604;1773020;88;24;14;54;68;39;70
64;0;0.0;0.0;13;1067868;1773020;88;24;14;57;67;39;68
65;0;0.0;0.0;13;1067868;1773020;88;24;14;55;66;46;67
66;0;0.0;0.0;13;1068132;1773020;88;24;14;53;69;41;70
67;0;0.0;0.0;13;1068396;1773020;88;24;14;64;69;65;68
68;0;0.0;0.0;13;1068660;1773020;88;24;14;82;68;64;68
69;0;0.0;0.0;13;1068660;1773020;88;24;14;52;68;43;69
70;0;0.0;0.0;13;1068924;1773020;88;24;14;53;67;41;68
71;0;0.0;0.0;13;1069188;1773020;88;24;14;52;68;41;69
72;0;0.0;0.0;13;1069452;1773020;88;24;14;54;65;43;68
73;0;0.0;0.0;13;1069452;1773020;88;24;14;54;69;40;69
74;0;0.0;0.0;13;1069716;1773020;88;24;14;56;66;41;67
75;0;0.0;0.0;13;1069980;1773020;88;24;14;49;69;42;68
76;0;0.0;0.0;13;1070244;1773020;88;24;14;51;72;41;69
77;0;0.0;0.0;13;1070244;1773020;88;24;14;53;67;41;68
78;0;0.0;0.0;13;1070772;1773020;88;24;14;52;68;43;66
79;0;0.0;0.0;13;1071036;1773020;88;24;14;53;67;43;69
80;0;0.0;0.0;13;1071300;1773020;88;24;14;55;67;43;67
81;0;0.0;0.0;13;1071300;1773020;88;24;14;53;66;41;66
82;0;0.0;0.0;13;1071824;1773020;88;24;14;52;68;39;65
83;0;0.0;0.0;13;1072088;1773020;88;24;14;54;69;45;68
84;0;0.0;0.0;13;1072352;1773020;88;25;14;55;68;44;69
85;0;0.0;0.0;13;1072352;1773020;89;24;14;55;68;44;68
86;0;0.0;0.0;13;1072616;1773020;89;24;14;55;67;42;67
87;0;0.0;0.0;13;1072880;1773020;89;24;14;53;69;41;69
88;0;0.0;0.0;13;1072880;1773020;89;25;14;54;69;41;71
89;0;0.0;0.0;13;1073144;1773020;89;25;14;53;70;46;69
90;0;0.0;0.0;13;1073408;1773020;89;24;14;57;67;42;67
91;0;0.0;0.0;13;1073672;1773020;89;25;14;53;73;45;72
92;0;0.0;0.0;13;1073672;1773020;89;25;14;56;72;41;70
93;0;0.0;0.0;13;1073936;1773020;89;25;14;56;71;43;71
94;0;0.0;0.0;13;1074200;1773020;89;18;14;42;52;39;53
95;0;0.0;0.0;13;1074464;1773020;89;25;14;58;75;51;75
96;0;0.0;0.0;13;1074728;1773020;89;26;14;56;73;45;70
97;0;0.0;0.0;13;1074992;1773020;89;26;14;56;72;48;73
98;0;0.0;0.0;13;1075256;1773020;89;25;14;56;70;45;72
99;0;0.0;0.0;13;1075520;1773020;89;26;14;55;74;53;73
100;0;0.0;0.0;13;1075784;1773020;89;27;14;65;86;76;71
101;0;0.0;0.0;13;1076048;1773020;89;26;14;59;75;62;74
102;0;0.0;0.0;13;1076576;1773020;89;27;14;60;73;47;73
103;0;0.0;0.0;13;1076840;1773020;89;26;14;57;71;48;73
104;0;0.0;0.0;13;1077364;1773020;89;26;14;56;73;49;72
105;0;0.0;0.0;13;1077628;1773020;90;26;14;56;75;44;74
106;0;0.0;0.0;13;1077892;1773020;90;26;14;60;73;46;73
107;0;0.0;0.0;13;1078156;1773020;90;25;14;55;69;45;73
108;0;0.0;0.0;13;1078420;1773020;90;26;14;56;72;44;72
109;0;0.0;0.0;13;1078684;1773020;90;26;14;62;73;49;73
110;0;0.0;0.0;13;1078948;1773020;90;27;14;58;74;47;73
111;0;0.0;0.0;13;1079212;1773020;90;27;14;57;74;48;73
112;0;0.0;0.0;13;1079476;1773020;90;26;14;56;74;47;72
113;0;0.0;0.0;13;1079740;1773020;90;26;14;56;71;46;71
114;0;0.0;0.0;13;1080004;1773020;90;26;14;60;73;47;73
115;0;0.0;0.0;13;1080532;1773020;90;26;14;57;73;46;73
116;0;0.0;0.0;13;1080796;1773020;90;27;14;60;76;47;72
117;0;0.0;0.0;13;1081060;1773020;90;26;14;55;74;44;77
118;0;0.0;0.0;13;1081324;1773020;90;26;14;59;73;47;73
119;0;0.0;0.0;13;1081324;1773020;90;26;14;57;74;44;75
120;0;0.0;0.0;13;1081588;1773020;90;26;14;59;71;45;73
121;0;0.0;0.0;13;1082116;1773020;90;27;14;57;74;47;74
122;0;0.0;0.0;13;1082380;1773020;90;26;14;58;71;47;74
123;0;0.0;0.0;14;1082644;1773020;90;26;14;60;73;47;73
124;0;0.0;0.0;14;1083436;1773020;91;26;14;55;72;48;75
125;0;0.0;0.0;14;1083700;1773020;91;26;14;58;72;48;72
126;0;0.0;0.0;14;1083964;1773020;91;26;14;55;71;47;75
127;0;0.0;0.0;14;1084228;1773020;91;26;14;56;72;45;70
128;0;0.0;0.0;14;1084492;1773020;91;26;14;58;72;45;75
129;0;0.0;0.0;14;1084756;1773020;91;27;14;58;73;51;74
130;0;0.0;0.0;14;1085020;1773020;91;26;14;56;72;46;74
131;0;0.0;0.0;14;1085284;1773020;91;26;14;57;73;45;74
132;0;0.0;0.0;14;1085548;1773020;91;26;14;64;78;53;89
133;0;0.0;0.0;14;1085812;1773020;91;26;14;63;85;44;80
134;0;0.0;0.0;14;1086076;1773020;91;26;14;58;74;53;76
135;0;0.0;0.0;14;1086340;1773020;91;26;14;57;71;46;71
136;0;0.0;0.0;14;1086604;1773020;91;26;14;58;74;48;74
137;0;0.0;0.0;14;1086868;1773020;91;26;14;59;72;46;72
138;0;0.0;0.0;14;1087132;1773020;91;26;14;59;72;45;71
139;0;0.0;0.0;14;1087396;1773020;91;26;14;53;73;49;76
140;0;0.0;0.0;14;1087660;1773020;91;26;14;58;74;44;74
141;0;0.0;0.0;14;1087924;1773020;91;27;14;59;74;47;71
142;0;0.0;0.0;14;1088188;1773020;91;25;14;55;69;43;70
143;0;0.0;0.0;14;1088452;1773020;91;26;14;58;72;49;73
144;0;0.0;0.0;14;1088716;1773020;91;26;14;60;71;46;74
145;0;0.0;0.0;14;1088980;1773020;91;26;14;58;73;47;72
146;0;0.0;0.0;14;1089508;1773020;91;26;14;56;72;45;72
147;0;0.0;0.0;14;1089772;1773020;91;26;14;57;74;45;75
148;0;0.0;0.0;14;1090300;1773020;91;26;14;58;72;45;72
149;0;0.0;0.0;14;1090564;1773020;91;26;14;58;73;45;77
150;0;0.0;0.0;14;1090828;1773020;91;26;14;57;74;50;71
151;0;0.0;0.0;14;1091092;1773020;91;26;14;59;73;45;73
152;0;0.0;0.0;14;1091356;1773020;91;26;14;56;72;48;74
153;0;0.0;0.0;14;1091620;1773020;91;26;14;56;74;46;73
154;0;0.0;0.0;14;1091884;1773020;91;26;14;56;71;47;73
155;0;0.0;0.0;14;1092148;1773020;91;12;14;38;43;42;42
156;0;0.0;0.0;14;1092148;1773020;91;10;14;26;30;25;31
157;0;0.0;0.0;14;1092148;1773020;91;10;14;25;28;20;32
158;0;0.0;0.0;14;1092148;1773020;91;10;14;26;26;20;31
159;0;0.0;0.0;14;1092148;1773020;91;10;14;23;32;20;33
160;0;0.0;0.0;14;1092148;1773020;91;10;14;26;29;21;30
161;0;0.0;0.0;14;1092148;1773020;91;10;14;25;31;20;28
162;0;0.0;0.0;14;1092148;1773020;91;10;14;24;30;20;30
163;0;0.0;0.0;14;1092148;1773020;91;10;14;25;30;20;29
164;0;0.0;0.0;14;1092148;1773020;91;10;14;25;30;49;36
165;0;0.0;0.0;14;1092148;1773020;91;10;14;25;32;20;81
166;0;0.0;0.0;14;1092148;1773020;91;10;14;24;31;20;30
167;0;0.0;0.0;14;1092148;1773020;91;10;14;25;29;21;30
168;0;0.0;0.0;14;1092148;1773020;91;10;14;25;30;20;29
169;0;0.0;0.0;14;1092148;1773020;91;10;14;25;28;24;31
170;0;0.0;0.0;14;1092148;1773020;91;10;14;25;28;21;30
171;0;0.0;0.0;14;1092148;1773020;91;10;14;25;28;19;31
172;0;0.0;0.0;14;1092148;1773020;91;10;14;24;30;20;31
173;0;0.0;0.0;14;1092148;1773020;91;10;14;24;30;20;30
174;0;0.0;0.0;14;1092148;1773020;91;10;14;24;29;25;31
175;0;0.0;0.0;14;1092148;1773020;91;10;14;26;29;20;30
176;0;0.0;0.0;14;1092148;1773020;91;10;14;24;29;20;30
177;0;0.0;0.0;14;1092148;1773020;91;10;14;24;31;20;31
178;0;0.0;0.0;14;1092412;1773020;91;10;14;24;28;20;31
179;0;0.0;0.0;14;1092412;1773020;91;10;14;24;33;20;31
180;0;0.0;0.0;14;1092412;1773020;91;10;14;25;30;25;29
181;0;0.0;0.0;14;1092412;1773020;91;10;14;24;31;20;28
182;0;0.0;0.0;14;1092412;1773020;91;10;14;25;29;20;30
183;0;0.0;0.0;14;1092412;1773020;91;10;14;25;31;20;27
184;0;0.0;0.0;14;1092412;1773020;91;10;14;24;30;20;33
185;0;0.0;0.0;14;1092412;1773020;91;10;14;29;30;20;30
186;0;0.0;0.0;14;1092412;1773020;91;10;14;25;31;20;29
187;0;0.0;0.0;14;1092412;1773020;91;10;14;24;30;20;29
188;0;0.0;0.0;14;1092412;1773020;91;10;14;25;29;19;31
189;0;0.0;0.0;14;1092412;1773020;91;10;14;24;32;21;30
190;0;0.0;0.0;14;1092412;1773020;91;10;14;25;28;20;30
191;0;0.0;0.0;14;1092412;1773020;91;10;14;24;33;20;30
192;0;0.0;0.0;14;1092412;1773020;91;10;14;25;29;19;30
193;0;0.0;0.0;14;1092412;1773020;91;10;14;26;29;21;30
194;0;0.0;0.0;14;1092412;1773020;91;10;14;24;29;20;33
195;0;0.0;0.0;14;1092412;1773020;91;10;14;24;29;21;30
196;0;0.0;0.0;14;1092412;1773020;91;10;14;27;34;26;36
197;0;0.0;0.0;14;1092412;1773020;91;10;14;24;30;20;30
198;0;0.0;0.0;14;1092412;1773020;91;10;14;25;29;20;30
199;0;0.0;0.0;14;1092412;1773020;91;10;14;24;32;20;31
200;0;0.0;0.0;14;1092676;1773020;91;10;14;43;32;21;35
201;0;0.0;0.0;14;1092676;1773020;91;10;14;26;28;20;30
202;0;0.0;0.0;14;1092676;1773020;91;10;14;23;29;20;31
203;0;0.0;0.0;14;1092676;1773020;91;10;14;25;29;20;30
204;0;0.0;0.0;14;1092676;1773020;91;10;14;25;35;26;33
205;0;0.0;0.0;14;1092676;1773020;91;10;14;24;29;20;31
206;0;0.0;0.0;14;1092676;1773020;91;10;14;24;29;20;30
207;0;0.0;0.0;14;1092676;1773020;91;10;14;24;28;21;32
208;0;0.0;0.0;14;1092676;1773020;91;10;14;31;29;20;31
209;0;0.0;0.0;14;1092676;1773020;91;10;14;28;29;20;30
210;0;0.0;0.0;14;1092676;1773020;91;10;14;24;30;20;30
211;0;0.0;0.0;14;1092676;1773020;91;10;14;24;29;20;29
212;0;0.0;0.0;14;1092676;1773020;91;10;14;25;29;20;31
213;0;0.0;0.0;14;1092676;1773020;91;10;14;33;28;20;32
214;0;0.0;0.0;14;1092676;1773020;91;10;14;25;29;21;30
215;0;0.0;0.0;14;1092676;1773020;91;9.2;14;33;29;22;29
216;0;0.0;0.0;14;1092676;1773020;91;7.0;14;19;17;15;24
217;0;0.0;0.0;14;1092676;1773020;91;7.0;14;19;16;15;26
218;0;0.0;0.0;14;1092676;1773020;91;7.3;14;22;16;15;26
219;0;0.0;0.0;14;1092676;1773020;91;7.0;14;19;16;15;26
220;0;0.0;0.0;14;1092676;1773020;91;6.8;14;18;16;16;25
221;0;0.0;0.0;14;1092676;1773020;91;7.0;14;19;19;15;26
222;0;0.0;0.0;14;1092676;1773020;91;7.0;14;19;16;16;26
223;0;0.0;0.0;14;1092676;1773020;91;7.3;14;23;15;15;26
224;0;0.0;0.0;14;1092676;1773020;91;7.0;14;19;15;15;26
225;0;0.0;0.0;14;1092676;1773020;91;7.0;14;19;16;15;25
226;0;0.0;0.0;14;1092676;1773020;91;7.0;14;19;15;16;25
227;0;0.0;0.0;14;1092676;1773020;91;7.0;14;19;15;15;26
228;0;0.0;0.0;14;1092676;1773020;91;7.0;14;19;22;15;26
229;0;0.0;0.0;14;1092676;1773020;91;7.0;14;18;17;16;26
230;0;0.0;0.0;14;1092676;1773020;91;7.0;14;24;18;14;27
231;0;0.0;0.0;14;1092676;1773020;91;7.0;14;18;16;15;26
232;0;0.0;0.0;14;1092676;1773020;91;7.3;14;19;16;21;25
233;0;0.0;0.0;14;1092676;1773020;91;6.8;14;23;15;13;26
234;0;0.0;0.0;14;1092676;1773020;91;7.0;14;18;16;16;26
235;0;0.0;0.0;14;1092676;1773020;91;7.3;14;19;16;15;25
236;0;0.0;0.0;14;1092676;1773020;91;6.8;14;18;15;14;27
237;0;0.0;0.0;14;1092676;1773020;91;7.0;14;18;16;15;26
238;0;0.0;0.0;14;1092676;1773020;91;7.3;14;23;16;16;25
239;0;0.0;0.0;14;1092676;1773020;91;6.8;14;22;15;15;26
240;0;0.0;0.0;14;1092676;1773020;91;7.2;14;19;15;15;25
241;0;0.0;0.0;14;1092676;1773020;91;6.8;14;18;15;15;26
242;0;0.0;0.0;14;1092676;1773020;91;7.0;14;18;16;14;27
243;0;0.0;0.0;14;1092676;1773020;91;7.0;14;19;17;17;25
244;0;0.0;0.0;14;1092676;1773020;91;7.0;14;18;16;18;28
245;0;0.0;0.0;14;1092676;1773020;91;7.0;14;18;14;15;26
246;0;0.0;0.0;14;1092676;1773020;91;7.2;14;19;16;15;26
247;0;0.0;0.0;14;1092676;1773020;91;6.8;14;20;17;22;27
248;0;0.0;0.0;14;1092676;1773020;91;7.2;14;18;15;15;25
249;0;0.0;0.0;14;1092676;1773020;91;7.0;14;19;15;16;28
250;0;0.0;0.0;14;1092676;1773020;91;7.0;14;18;17;14;25
251;0;0.0;0.0;14;1092676;1773020;91;7.0;14;19;22;14;21
252;0;0.0;0.0;14;1092676;1773020;91;7.0;14;19;21;15;21
253;0;0.0;0.0;14;1092676;1773020;91;7.0;14;18;21;16;20
254;0;0.0;0.0;14;1092676;1773020;91;7.0;14;19;29;15;21
255;0;0.0;0.0;14;1092676;1773020;91;7.0;14;18;21;14;20
256;0;0.0;0.0;14;1092676;1773020;91;7.0;14;26;23;15;23
257;0;0.0;0.0;14;1092676;1773020;91;7.0;14;18;21;14;21
258;0;0.0;0.0;14;1092676;1773020;91;7.0;14;19;21;16;20
259;0;0.0;0.0;14;1092676;1773020;91;7.0;14;19;25;14;20
260;0;0.0;0.0;14;1092676;1773020;91;7.2;14;17;22;15;20
261;0;0.0;0.0;14;1092676;1773020;91;6.8;14;20;21;14;19
262;0;0.0;0.0;14;1092676;1773020;91;7.3;14;20;19;14;22
263;0;0.0;0.0;14;1092676;1773020;91;6.8;14;19;15;15;26
264;0;0.0;0.0;14;1092676;1773020;91;7.0;14;25;30;17;26
265;0;0.0;0.0;14;1092676;1773020;91;7.2;14;18;15;19;27
266;0;0.0;0.0;14;1092676;1773020;91;7.0;14;19;19;16;25
267;0;0.0;0.0;14;1092676;1773020;91;6.8;14;18;16;14;26
268;0;0.0;0.0;14;1092676;1773020;91;7.0;14;18;17;14;25
269;0;0.0;0.0;14;1092676;1773020;91;7.0;14;31;16;28;28
270;0;0.0;0.0;14;1092676;1773020;91;7.0;14;19;16;14;26
271;0;0.0;0.0;14;1092676;1773020;91;7.0;14;18;15;15;26
272;0;0.0;0.0;14;1092676;1773020;91;7.0;14;19;15;15;25
273;0;0.0;0.0;14;1092676;1773020;91;7.0;14;19;15;15;26
274;0;0.0;0.0;14;1092676;1773020;91;7.0;14;18;20;20;26
275;0;0.0;0.0;14;1092676;1773020;91;7.0;14;17;15;16;26
276;0;0.0;0.0;14;1092676;1773020;91;7.3;14;20;15;15;25
277;0;0.0;0.0;14;1092676;1773020;91;7.0;14;17;17;14;26
278;0;0.0;0.0;14;1092676;1773020;91;6.8;14;19;15;16;25
279;0;0.0;0.0;14;1092676;1773020;91;7.3;14;18;15;14;26
280;0;0.0;0.0;14;1092676;1773020;91;7.0;14;19;16;18;27
281;0;0.0;0.0;14;1092676;1773020;91;7.0;14;20;15;15;25
282;0;0.0;0.0;14;1092676;1773020;91;6.8;14;19;16;14;26
283;0;0.0;0.0;14;1092676;1773020;91;7.2;14;19;16;13;25
284;0;0.0;0.0;14;1092676;1773020;91;7.0;14;18;17;18;26
285;0;0.0;0.0;14;1092676;1773020;91;6.8;14;18;16;17;26
286;0;0.0;0.0;14;1092676;1773020;91;7.3;14;19;18;16;27
287;0;0.0;0.0;14;1092676;1773020;91;7.2;14;19;20;22;29
288;0;0.0;0.0;14;1092676;1773020;91;9.0;14;47;51;47;46
289;0;0.0;0.0;14;1092676;1773020;91;8.2;14;26;34;28;26
290;0;0.0;0.0;14;1092676;1773020;91;8.5;14;41;41;41;46
291;0;0.0;0.0;14;1092676;1773020;91;8.0;14;24;32;27;24
292;0;0.0;0.0;14;1092676;1773020;91;7.0;14;17;24;18;18
293;0;0.0;0.0;14;1092676;1773020;91;7.3;14;21;31;21;18
294;0;0.0;0.0;14;1092676;1773020;91;7.0;14;15;26;18;15
295;0;0.0;0.0;14;1092676;1773020;91;8.0;14;35;38;34;39
296;0;0.0;0.0;14;1092676;1773020;91;8.2;14;29;31;33;27
297;0;0.0;0.0;14;1092676;1773020;91;7.3;14;17;27;19;23
298;0;0.0;0.0;14;1092676;1773020;91;7.8;14;41;36;34;30
299;0;0.0;0.0;14;1092676;1773020;91;7.2;14;17;27;18;19
300;0;0.0;0.0;14;1092676;1773020;91;6.8;14;18;26;19;25
301;0;0.0;0.0;14;1092676;1773020;91;7.2;14;18;26;18;17
302;0;0.0;0.0;14;1092676;1773020;91;7.0;14;26;25;21;18
303;0;0.0;0.0;14;1092676;1773020;91;7.0;14;21;20;20;17
304;0;0.0;0.0;14;1092676;1773020;91;7.5;14;23;25;24;24
305;0;0.0;0.0;14;1092676;1773020;91;7.5;14;22;30;26;27
306;0;0.0;0.0;14;1092676;1773020;91;7.5;14;20;29;22;23
307;0;0.0;0.0;14;1092676;1773020;91;7.3;14;16;26;18;16
308;0;0.0;0.0;14;1092676;1773020;91;6.8;14;16;26;17;15
309;0;0.0;0.0;14;1092676;1773020;91;7.0;14;16;24;19;16
310;0;0.0;0.0;14;1092676;1773020;91;7.3;14;20;28;20;33
311;0;0.0;0.0;14;1092676;1773020;91;7.0;14;17;25;18;14
312;0;0.0;0.0;14;1092676;1773020;91;7.3;14;19;21;20;17
313;0;0.0;0.0;14;1092676;1773020;91;7.0;14;19;20;19;16
314;0;0.0;0.0;14;1092676;1773020;91;7.0;14;21;19;20;16
315;0;0.0;0.0;14;1092676;1773020;91;7.2;14;19;21;21;16
316;0;0.0;0.0;14;1092676;1773020;91;7.0;14;25;20;20;16
317;0;0.0;0.0;14;1092676;1773020;91;7.0;14;23;18;24;20
318;0;0.0;0.0;14;1092676;1773020;91;7.2;14;20;19;20;16
319;0;0.0;0.0;14;1092676;1773020;91;7.0;14;20;20;18;16
320;0;0.0;0.0;14;1092676;1773020;91;7.0;14;19;19;20;16
321;0;0.0;0.0;14;1092676;1773020;91;7.0;14;20;20;24;17
322;0;0.0;0.0;14;1092676;1773020;91;7.2;14;20;23;26;17
323;0;0.0;0.0;14;1092676;1773020;91;7.0;14;20;20;19;15
324;0;0.0;0.0;14;1092676;1773020;91;7.0;14;25;26;24;16
325;0;0.0;0.0;14;1092676;1773020;91;7.0;14;20;20;19;16
326;0;0.0;0.0;14;1092676;1773020;91;7.2;14;20;21;18;16
327;0;0.0;0.0;14;1092676;1773020;91;7.0;14;19;20;19;16
328;0;0.0;0.0;14;1092676;1773020;91;7.0;14;19;21;20;16
329;0;0.0;0.0;14;1092676;1773020;91;7.0;14;23;21;19;15
330;0;0.0;0.0;14;1092676;1773020;91;7.0;14;19;20;19;16
331;0;0.0;0.0;14;1092676;1773020;91;7.0;14;19;21;20;22
332;0;0.0;0.0;14;1092676;1773020;91;7.2;14;19;22;19;16
333;0;0.0;0.0;14;1092676;1773020;91;7.0;14;20;20;19;16
334;0;0.0;0.0;14;1092676;1773020;91;7.0;14;23;22;19;21
335;0;0.0;0.0;14;1092676;1773020;91;7.0;14;18;20;19;18
336;0;0.0;0.0;14;1092676;1773020;91;7.2;14;19;20;19;16
337;0;0.0;0.0;14;1092676;1773020;91;7.0;14;17;22;20;16
338;0;0.0;0.0;14;1092676;1773020;91;7.3;14;23;23;24;22
339;0;0.0;0.0;14;1092676;1773020;91;7.3;14;21;30;21;27
340;0;0.0;0.0;14;1092676;1773020;91;7.2;14;17;26;18;21
341;0;0.0;0.0;14;1092676;1773020;91;7.0;14;15;27;17;15
342;0;0.0;0.0;14;1092676;1773020;91;7.0;14;16;26;18;14
343;0;0.0;0.0;14;1092676;1773020;91;7.0;14;17;25;17;16
344;0;0.0;0.0;14;1092676;1773020;91;7.0;14;20;19;25;15
345;0;0.0;0.0;14;1092676;1773020;91;7.0;14;19;23;20;17
346;0;0.0;0.0;14;1092676;1773020;91;7.3;14;17;27;19;21
347;0;0.0;0.0;14;1092676;1773020;91;7.0;14;16;27;18;15
348;0;0.0;0.0;14;1092676;1773020;91;7.0;14;16;26;17;15
349;0;0.0;0.0;14;1092676;1773020;91;7.5;14;22;30;24;23
350;0;0.0;0.0;14;1092676;1773020;91;8.2;14;38;42;39;40
351;0;0.0;0.0;14;1092676;1773020;91;7.5;14;20;29;21;20
352;0;0.0;0.0;14;1092676;1773020;91;7.0;14;17;29;19;17
353;0;0.0;0.0;14;1092676;1773020;91;7.0;14;18;29;19;18
354;0;0.0;0.0;14;1092676;1773020;91;8.0;14;24;32;25;24
355;0;0.0;0.0;14;1092676;1773020;91;8.0;14;29;39;34;31
356;0;0.0;0.0;14;1092676;1773020;91;8.8;14;31;46;42;37
357;0;0.0;0.0;14;1092676;1773020;91;7.2;14;23;30;22;22
358;0;0.0;0.0;14;1092676;1773020;91;7.2;14;19;41;20;18
359;0;0.0;0.0;14;1092676;1773020;91;7.3;14;17;27;19;16
360;0;0.0;0.0;14;1092676;1773020;91;7.0;14;20;27;18;16
361;0;0.0;0.0;14;1092676;1773020;91;7.5;14;24;27;26;27
362;0;0.0;0.0;14;1092676;1773020;91;9.0;14;36;44;33;43
363;0;0.0;0.0;14;1092676;1773020;91;7.2;14;19;26;22;17
364;0;0.0;0.0;14;1092676;1773020;91;7.0;14;20;21;19;16
365;0;0.0;0.0;14;1092676;1773020;91;7.0;14;23;20;18;17
366;0;0.0;0.0;14;1092676;1773020;91;7.2;14;20;21;19;17
367;0;0.0;0.0;14;1092676;1773020;91;7.5;14;34;32;35;29
368;0;0.0;0.0;14;1092676;1773020;91;8.8;14;34;38;38;34
369;0;0.0;0.0;14;1092676;1773020;91;7.3;14;19;29;21;19
370;0;0.0;0.0;14;1092676;1773020;91;8.0;14;31;44;30;42
371;0;0.0;0.0;14;1092676;1773020;91;7.3;14;17;26;18;17
372;0;0.0;0.0;14;1092676;1773020;91;7.0;14;18;25;18;16
373;0;0.0;0.0;14;1092676;1773020;91;7.0;14;16;26;17;15
374;0;0.0;0.0;14;1092676;1773020;91;7.3;14;20;27;21;22
375;0;0.0;0.0;14;1092676;1773020;91;7.2;14;22;28;21;21
376;0;0.0;0.0;14;1092676;1773020;91;7.5;14;19;29;21;22
377;0;0.0;0.0;14;1092676;1773020;91;7.3;14;25;28;20;26
378;0;0.0;0.0;14;1092676;1773020;91;7.5;14;23;30;23;27
379;0;0.0;0.0;14;1092676;1773020;91;7.0;14;15;27;18;16
380;0;0.0;0.0;14;1092676;1773020;91;7.2;14;17;29;18;16
381;0;0.0;0.0;14;1092676;1773020;91;6.8;14;16;24;17;15
382;0;0.0;0.0;14;1092676;1773020;91;7.0;14;17;22;19;19
383;0;0.0;0.0;14;1092676;1773020;91;7.0;14;15;26;18;14
384;0;0.0;0.0;14;1092676;1773020;91;7.0;14;23;28;21;17
385;0;0.0;0.0;14;1092676;1773020;91;7.0;14;16;26;18;14
386;0;0.0;0.0;14;1092676;1773020;91;7.3;14;16;26;18;15
387;0;0.0;0.0;14;1092676;1773020;91;7.0;14;16;27;17;15
388;0;0.0;0.0;14;1092676;1773020;91;6.8;14;18;27;18;21
389;0;0.0;0.0;14;1092676;1773020;91;7.0;14;16;29;17;15
390;0;0.0;0.0;14;1092676;1773020;91;7.0;14;20;27;21;16
391;0;0.0;0.0;14;1092676;1773020;91;7.0;14;21;20;19;16
392;0;0.0;0.0;14;1092676;1773020;91;7.0;14;19;22;18;16
393;0;0.0;0.0;14;1092676;1773020;91;7.2;14;19;20;19;14
394;0;0.0;0.0;14;1092676;1773020;91;6.8;14;19;21;19;17
395;0;0.0;0.0;14;1092676;1773020;91;7.3;14;21;29;24;22
396;0;0.0;0.0;14;1092676;1773020;91;7.5;14;23;27;23;25
397;0;0.0;0.0;14;1092676;1773020;91;7.5;14;20;30;24;24
398;0;0.0;0.0;14;1092676;1773020;91;7.5;14;17;28;18;18
399;0;0.0;0.0;14;1092676;1773020;91;6.8;14;17;22;19;17
400;0;0.0;0.0;14;1092676;1773020;91;7.2;14;20;27;23;20
401;0;0.0;0.0;14;1092676;1773020;91;7.5;14;23;31;24;28
402;0;0.0;0.0;14;1092676;1773020;91;7.8;14;23;31;24;24
403;0;0.0;0.0;14;1092676;1773020;91;7.2;14;19;30;22;23
404;0;0.0;0.0;14;1092676;1773020;91;7.2;14;18;27;19;19
405;0;0.0;0.0;14;1092676;1773020;91;7.0;14;15;29;18;16
406;0;0.0;0.0;14;1092676;1773020;91;7.3;14;17;27;19;18
407;0;0.0;0.0;14;1092676;1773020;91;7.0;14;18;28;20;19
408;0;0.0;0.0;14;1092676;1773020;91;7.3;14;20;28;21;20
409;0;0.0;0.0;14;1092676;1773020;91;7.5;14;19;30;23;22
410;0;0.0;0.0;14;1092676;1773020;91;7.0;14;17;27;18;21
411;0;0.0;0.0;14;1092676;1773020;91;7.0;14;17;26;18;15
412;0;0.0;0.0;14;1092676;1773020;91;7.5;14;21;30;23;22
413;0;0.0;0.0;14;1092676;1773020;91;7.0;14;19;27;18;14
414;0;0.0;0.0;14;1092676;1773020;91;8.3;14;28;36;30;29
415;0;0.0;0.0;14;1092676;1773020;91;8.8;14;44;57;43;50
416;0;0.0;0.0;14;1092676;1773020;91;8.0;14;32;35;30;29
417;0;0.0;0.0;14;1092676;1773020;91;8.8;14;43;48;40;42
418;0;0.0;0.0;14;1092676;1773020;91;9.0;14;43;49;40;53
419;0;0.0;0.0;14;1092676;1773020;91;8.3;14;29;40;33;28
420;0;0.0;0.0;14;1092676;1773020;91;8.5;14;32;37;31;30
421;0;0.0;0.0;14;1092676;1773020;91;7.5;14;24;31;26;24
422;0;0.0;0.0;14;1092676;1773020;91;7.5;14;28;35;27;30
423;0;0.0;0.0;14;1092676;1773020;91;7.5;14;19;30;21;20
424;0;0.0;0.0;14;1092676;1773020;91;7.0;14;17;24;19;17
425;0;0.0;0.0;14;1092676;1773020;91;7.0;14;21;19;27;17
426;0;0.0;0.0;14;1092676;1773020;91;7.2;14;20;21;19;16
427;0;0.0;0.0;14;1092676;1773020;91;7.0;14;20;18;20;16
428;0;0.0;0.0;14;1092676;1773020;91;7.3;14;20;20;24;17
429;0;0.0;0.0;14;1092676;1773020;91;7.0;14;20;20;19;16
430;0;0.0;0.0;14;1092676;1773020;91;7.0;14;19;20;20;19
431;0;0.0;0.0;14;1092676;1773020;91;7.0;14;25;17;18;14
432;0;0.0;0.0;14;1092676;1773020;91;7.0;14;24;17;18;14
433;0;0.0;0.0;14;1092676;1773020;91;7.0;14;29;17;19;15
434;0;0.0;0.0;14;1092676;1773020;91;7.2;14;35;27;27;26
435;0;0.0;0.0;14;1092676;1773020;91;7.0;14;24;17;18;15
436;0;0.0;0.0;14;1092676;1773020;91;7.0;14;29;18;18;14
437;0;0.0;0.0;14;1092676;1773020;91;7.0;14;27;18;24;13
438;0;0.0;0.0;14;1092676;1773020;91;6.8;14;25;18;18;14
439;0;0.0;0.0;14;1092676;1773020;91;7.2;14;24;17;18;14
440;0;0.0;0.0;14;1092676;1773020;91;7.0;14;24;17;18;15
441;0;0.0;0.0;14;1092676;1773020;91;7.0;14;25;18;23;14
442;0;0.0;0.0;14;1092676;1773020;91;7.0;14;24;15;18;15
443;0;0.0;0.0;14;1092676;1773020;91;7.0;14;25;16;19;15
444;0;0.0;0.0;14;1092676;1773020;91;7.0;14;24;17;29;17
445;0;0.0;0.0;14;1092676;1773020;91;8.5;14;30;31;32;29
446;0;0.0;0.0;14;1092676;1773020;91;7.2;14;22;23;23;18
447;0;0.0;0.0;14;1092676;1773020;91;7.3;14;23;21;20;16
448;0;0.0;0.0;14;1092676;1773020;91;7.0;14;20;21;19;18
449;0;0.0;0.0;14;1092676;1773020;91;7.3;14;22;30;28;23
450;0;0.0;0.0;14;1092676;1773020;91;7.5;14;21;31;23;24
451;0;0.0;0.0;14;1092676;1773020;91;7.8;14;21;30;23;24
452;0;0.0;0.0;14;1092676;1773020;91;7.0;14;15;27;18;14
453;0;0.0;0.0;14;1092676;1773020;91;7.0;14;17;26;18;15
454;0;0.0;0.0;14;1092676;1773020;91;7.5;14;25;30;23;25
455;0;0.0;0.0;14;1092676;1773020;91;7.5;14;23;32;23;24
456;0;0.0;0.0;14;1092676;1773020;91;7.0;14;16;25;19;16
457;0;0.0;0.0;14;1092676;1773020;91;7.2;14;17;21;18;18
458;0;0.0;0.0;14;1092676;1773020;91;7.0;14;17;21;18;18
459;0;0.0;0.0;14;1092676;1773020;91;6.8;14;16;25;18;18
460;0;0.0;0.0;14;1092676;1773020;91;7.0;14;16;26;18;16
461;0;0.0;0.0;14;1092676;1773020;91;7.0;14;17;26;18;14
462;0;0.0;0.0;14;1092676;1773020;91;7.3;14;16;26;18;14
463;0;0.0;0.0;14;1092676;1773020;91;6.8;14;17;26;18;13
464;0;0.0;0.0;14;1092676;1773020;91;7.0;14;17;26;18;18
465;0;0.0;0.0;14;1092676;1773020;91;7.0;14;16;26;19;19
466;0;0.0;0.0;14;1092676;1773020;91;7.2;14;17;27;18;17
467;0;0.0;0.0;14;1092676;1773020;91;7.3;14;18;25;19;21
468;0;0.0;0.0;14;1092676;1773020;91;7.0;14;18;20;18;18
469;0;0.0;0.0;14;1092676;1773020;91;7.0;14;17;26;19;15
470;0;0.0;0.0;14;1092676;1773020;91;7.0;14;18;28;18;16
471;0;0.0;0.0;14;1092676;1773020;91;7.0;14;16;26;18;14
472;0;0.0;0.0;14;1092676;1773020;91;7.3;14;18;27;19;19
473;0;0.0;0.0;14;1092676;1773020;91;7.0;14;16;30;18;15
474;0;0.0;0.0;14;1092676;1773020;91;8.0;14;25;36;28;26
475;0;0.0;0.0;14;1092676;1773020;91;7.0;14;17;27;18;21
476;0;0.0;0.0;14;1092676;1773020;91;7.3;14;17;26;17;15
477;0;0.0;0.0;14;1092676;1773020;91;6.8;14;16;27;17;15
478;0;0.0;0.0;14;1092676;1773020;91;7.2;14;16;29;18;27
479;0;0.0;0.0;14;1092676;1773020;91;6.8;14;16;27;18;15
480;0;0.0;0.0;14;1092676;1773020;91;7.0;14;16;26;17;18
481;0;0.0;0.0;14;1092676;1773020;91;7.3;14;16;26;18;15
482;0;0.0;0.0;14;1092676;1773020;91;6.8;14;16;26;18;15
483;0;0.0;0.0;14;1092676;1773020;91;7.0;14;16;27;16;15
484;0;0.0;0.0;14;1092676;1773020;91;7.0;14;15;27;17;19
485;0;0.0;0.0;14;1092676;1773020;91;7.2;14;15;27;17;18
486;0;0.0;0.0;14;1092676;1773020;91;6.8;14;16;26;17;15
487;0;0.0;0.0;14;1092676;1773020;91;7.0;14;17;26;18;15
488;0;0.0;0.0;14;1092676;1773020;91;7.0;14;17;25;17;15
489;0;0.0;0.0;14;1092676;1773020;91;8.0;14;27;28;29;29
490;0;0.0;0.0;14;1092676;1773020;91;8.5;14;33;38;32;36
491;0;0.0;0.0;14;1092676;1773020;91;7.5;14;23;33;27;31
492;0;0.0;0.0;14;1092676;1773020;91;7.2;14;18;21;18;16
493;0;0.0;0.0;14;1092676;1773020;91;7.3;14;22;25;21;20
494;0;0.0;0.0;14;1092676;1773020;91;8.5;14;32;40;34;36
495;0;0.0;0.0;14;1092676;1773020;91;7.8;14;23;35;24;23
496;0;0.0;0.0;14;1092676;1773020;91;9.0;14;35;40;36;37
497;0;0.0;0.0;14;1092676;1773020;91;7.8;14;20;38;23;27
498;0;0.0;0.0;14;1092676;1773020;91;7.0;14;17;27;19;19
499;0;0.0;0.0;14;1092676;1773020;91;7.3;14;26;47;31;20
500;0;0.0;0.0;14;1092676;1773020;91;7.2;14;36;43;32;22
501;0;0.0;0.0;14;1092676;1773020;91;7.3;14;16;27;18;17
502;0;0.0;0.0;14;1092676;1773020;91;7.0;14;18;27;18;18
503;0;0.0;0.0;14;1092676;1773020;91;7.3;14;17;26;18;18
504;0;0.0;0.0;14;1092676;1773020;91;7.3;14;16;30;18;18
505;0;0.0;0.0;14;1092676;1773020;91;7.0;14;30;29;20;18
506;0;0.0;0.0;14;1092676;1773020;91;7.0;14;16;23;19;19
507;0;0.0;0.0;14;1092676;1773020;91;7.2;14;17;27;18;19
508;0;0.0;0.0;14;1092676;1773020;91;7.0;14;23;26;24;15
509;0;0.0;0.0;14;1092676;1773020;91;7.0;14;17;26;18;14
510;0;0.0;0.0;14;1092676;1773020;91;7.0;14;17;23;18;17
511;0;0.0;0.0;14;1092676;1773020;91;7.0;14;16;23;18;17
512;0;0.0;0.0;14;1092676;1773020;91;7.0;14;16;27;18;17
513;0;0.0;0.0;14;1092676;1773020;91;7.2;14;17;30;19;18
514;0;0.0;0.0;14;1092676;1773020;91;7.2;14;18;30;21;23
515;0;0.0;0.0;14;1092676;1773020;91;7.0;14;17;22;19;18
516;0;0.0;0.0;14;1092676;1773020;91;7.3;14;19;29;22;21
517;0;0.0;0.0;14;1092676;1773020;91;8.5;14;27;34;30;31
518;0;0.0;0.0;14;1092676;1773020;91;7.2;14;20;32;20;18
519;0;0.0;0.0;14;1092676;1773020;91;8.5;14;28;36;29;29
520;0;0.0;0.0;14;1092676;1773020;91;7.5;14;22;30;26;23
521;0;0.0;0.0;14;1092676;1773020;91;8.5;14;30;37;33;31
522;0;0.0;0.0;14;1092676;1773020;91;8.8;14;58;56;54;51
523;0;0.0;0.0;14;1092676;1773020;91;7.3;14;21;29;23;22
524;0;0.0;0.0;14;1092676;1773020;91;7.8;14;22;32;24;32
525;0;0.0;0.0;14;1092676;1773020;91;7.2;14;21;31;24;23
526;0;0.0;0.0;14;1092676;1773020;91;7.3;14;17;28;20;19
527;0;0.0;0.0;14;1092676;1773020;91;7.0;14;21;29;21;19
528;0;0.0;0.0;14;1092676;1773020;91;7.5;14;17;26;23;17
529;0;0.0;0.0;14;1092676;1773020;91;7.0;14;18;22;18;22
530;0;0.0;0.0;14;1092676;1773020;91;7.0;14;17;22;20;20
531;0;0.0;0.0;14;1092676;1773020;91;7.2;14;18;27;19;17
532;0;0.0;0.0;14;1092676;1773020;91;7.8;14;25;40;26;27
533;0;0.0;0.0;14;1092676;1773020;91;8.2;14;30;42;31;39
534;0;0.0;0.0;14;1092676;1773020;91;8.5;14;34;46;37;49
535;0;0.0;0.0;14;1092676;1773020;91;7.5;14;20;29;23;27
536;0;0.0;0.0;14;1092676;1773020;91;7.2;14;19;27;23;18
537;0;0.0;0.0;14;1092676;1773020;91;7.0;14;19;27;19;16
538;0;0.0;0.0;14;1092676;1773020;91;7.3;14;25;30;32;36
539;0;0.0;0.0;14;1092676;1773020;91;8.8;14;37;37;30;33
540;0;0.0;0.0;14;1092676;1773020;91;8.0;14;32;37;37;38
541;0;0.0;0.0;14;1092676;1773020;91;7.0;14;19;28;20;19
542;0;0.0;0.0;14;1092676;1773020;91;7.3;14;18;30;20;19
543;0;0.0;0.0;14;1092676;1773020;91;8.2;14;27;31;28;27
544;0;0.0;0.0;14;1092676;1773020;91;7.8;14;24;31;22;20
545;0;0.0;0.0;14;1092676;1773020;91;7.3;14;17;26;23;16
546;0;0.0;0.0;14;1092676;1773020;91;6.8;14;17;25;19;16
547;0;0.0;0.0;14;1092676;1773020;91;7.2;14;17;27;19;15
548;0;0.0;0.0;14;1092676;1773020;91;7.0;14;18;26;18;15
549;0;0.0;0.0;14;1092676;1773020;91;7.0;14;16;27;22;18
550;0;0.0;0.0;14;1092676;1773020;91;7.0;14;18;26;23;14
551;0;0.0;0.0;14;1092676;1773020;91;7.3;14;16;27;18;16
552;0;0.0;0.0;14;1092676;1773020;91;6.8;14;16;27;18;16
553;0;0.0;0.0;14;1092676;1773020;91;7.2;14;15;27;18;17
554;0;0.0;0.0;14;1092676;1773020;91;7.0;14;24;26;21;18
555;0;0.0;0.0;14;1092676;1773020;91;7.0;14;18;28;21;17
556;0;0.0;0.0;14;1092676;1773020;91;7.2;14;17;26;18;15
557;0;0.0;0.0;14;1092676;1773020;91;7.0;14;19;27;23;18
558;0;0.0;0.0;14;1092676;1773020;91;7.0;14;17;26;19;14
559;0;0.0;0.0;14;1092676;1773020;91;7.2;14;16;27;18;19
560;0;0.0;0.0;14;1092676;1773020;91;7.0;14;18;22;18;19
561;0;0.0;0.0;14;1092676;1773020;91;6.8;14;16;25;19;17
562;0;0.0;0.0;14;1092676;1773020;91;7.5;14;19;25;21;18
563;0;0.0;0.0;14;1092676;1773020;91;7.0;14;17;26;18;14
564;0;0.0;0.0;14;1092676;1773020;91;6.8;14;16;26;19;17
565;0;0.0;0.0;14;1092676;1773020;91;7.3;14;18;29;20;30
566;0;0.0;0.0;14;1092676;1773020;91;7.0;14;16;27;17;20
567;0;0.0;0.0;14;1092676;1773020;91;7.5;14;19;26;20;20
568;0;0.0;0.0;14;1092676;1773020;91;7.3;14;24;27;23;19
569;0;0.0;0.0;14;1092676;1773020;91;7.2;14;20;31;21;20
570;0;0.0;0.0;14;1092676;1773020;91;8.0;14;31;34;28;29
571;0;0.0;0.0;14;1092676;1773020;91;8.3;14;25;32;27;26
572;0;0.0;0.0;14;1092676;1773020;91;6.8;14;21;25;18;17
573;0;0.0;0.0;14;1092676;1773020;91;7.2;14;18;18;20;25
574;0;0.0;0.0;14;1092676;1773020;91;7.2;14;18;17;21;27
575;0;0.0;0.0;14;1092676;1773020;91;7.0;14;20;15;18;26
576;0;0.0;0.0;14;1092676;1773020;91;7.2;14;20;26;19;19
577;0;0.0;0.0;14;1092676;1773020;91;9.0;14;25;31;26;20
578;0;0.0;0.0;14;1092676;1773020;91;9.8;14;30;28;26;21
579;0;0.0;0.0;14;1092676;1773020;91;10;14;29;28;26;25
580;0;0.0;0.0;14;1092676;1773020;91;10;14;30;28;28;21
581;0;0.0;0.0;14;1092676;1773020;91;10;14;31;28;25;20
582;0;0.0;0.0;14;1092676;1773020;91;10;14;29;29;25;21
583;0;0.0;0.0;14;1092940;1773020;91;10;14;30;27;25;20
584;0;0.0;0.0;14;1092940;1773020;91;9.8;14;31;28;25;21
585;0;0.0;0.0;14;1092940;1773020;91;10;14;31;28;28;21
586;0;0.0;0.0;14;1092940;1773020;91;10;14;29;28;26;21
587;0;0.0;0.0;14;1092940;1773020;91;10;14;30;27;27;21
588;0;0.0;0.0;14;1092940;1773020;91;10;14;33;25;24;30
589;0;0.0;0.0;14;1092940;1773020;91;10;14;28;35;26;23
590;0;0.0;0.0;14;1092940;1773020;91;10;14;28;32;28;22
591;0;0.0;0.0;14;1092940;1773020;91;10;14;30;30;27;21
592;0;0.0;0.0;14;1092940;1773020;91;10;14;31;29;28;24
593;0;0.0;0.0;14;1092940;1773020;91;10.0;14;30;28;25;21
594;0;0.0;0.0;14;1092940;1773020;91;10;14;30;28;28;21
595;0;0.0;0.0;14;1092940;1773020;91;10;14;33;26;26;21
596;0;0.0;0.0;14;1092940;1773020;91;10;14;30;27;26;20
597;0;0.0;0.0;14;1092940;1773020;91;9.5;14;27;27;25;22
598;0;0.0;0.0;14;1092940;1773020;91;7.0;14;19;20;20;17
599;0;0.0;0.0;14;1092940;1773020;91;7.0;14;20;18;19;17
600;0;0.0;0.0;14;1092940;1773020;91;7.0;14;20;25;20;16
601;0;0.0;0.0;14;1092940;1773020;91;7.2;14;20;20;19;15
602;0;0.0;0.0;14;1092940;1773020;91;7.0;14;21;19;19;16
603;0;0.0;0.0;14;1092940;1773020;91;6.8;14;20;20;20;17
604;0;0.0;0.0;14;1092940;1773020;91;7.0;14;23;22;19;17
605;0;0.0;0.0;14;1092940;1773020;91;7.2;14;24;21;19;21
606;0;0.0;0.0;14;1092940;1773020;91;6.8;14;21;21;20;15
607;0;0.0;0.0;14;1092940;1773020;91;7.3;14;19;19;19;17
608;0;0.0;0.0;14;1092940;1773020;91;7.0;14;20;21;18;17
609;0;0.0;0.0;14;1092940;1773020;91;7.0;14;20;19;20;16
610;0;0.0;0.0;14;1092940;1773020;91;7.3;14;23;21;19;16
611;0;0.0;0.0;14;1092940;1773020;91;7.0;14;20;20;19;15
612;0;0.0;0.0;14;1092940;1773020;91;7.0;14;19;20;20;17
613;0;0.0;0.0;14;1092940;1773020;91;7.2;14;21;25;21;18
614;0;0.0;0.0;14;1092940;1773020;91;7.3;14;19;29;21;20
615;0;0.0;0.0;14;1092940;1773020;91;8.5;14;28;35;30;26
616;0;0.0;0.0;14;1092940;1773020;91;7.2;14;15;30;18;16
617;0;0.0;0.0;14;1092940;1773020;91;6.8;14;17;32;21;15
618;0;0.0;0.0;14;1092940;1773020;91;7.0;14;17;27;17;15
619;0;0.0;0.0;14;1092940;1773020;91;7.2;14;17;25;17;15
620;0;0.0;0.0;14;1092940;1773020;91;6.8;14;16;27;18;14
621;0;0.0;0.0;14;1092940;1773020;91;7.3;14;17;26;18;20
622;0;0.0;0.0;14;1092940;1773020;91;7.0;14;17;26;18;15
623;0;0.0;0.0;14;1092940;1773020;91;7.3;14;27;31;26;24
624;0;0.0;0.0;14;1092940;1773020;91;7.3;14;18;28;20;20
625;0;0.0;0.0;14;1092940;1773020;91;7.2;14;26;29;18;20
626;0;0.0;0.0;14;1092940;1773020;91;7.0;14;32;50;43;27
627;0;0.0;0.0;14;1092940;1773020;91;7.2;14;20;27;26;30
628;0;0.0;0.0;14;1092940;1773020;91;8.3;14;36;44;40;36
629;0;0.0;0.0;14;1092940;1773020;91;8.5;14;30;37;30;31
630;0;0.0;0.0;14;1092940;1773020;91;7.5;14;28;32;25;40
631;0;0.0;0.0;14;1092940;1773020;91;7.8;14;37;43;37;33
632;0;0.0;0.0;14;1092940;1773020;91;7.5;14;21;33;22;21
633;0;0.0;0.0;14;1092940;1773020;91;7.8;14;23;31;25;24
634;0;0.0;0.0;14;1092940;1773020;91;7.3;14;27;30;24;23
635;0;0.0;0.0;14;1092940;1773020;91;7.3;14;20;28;22;18
636;0;0.0;0.0;14;1092940;1773020;91;7.5;14;27;36;30;25
637;0;0.0;0.0;14;1092940;1773020;91;7.2;14;23;33;30;25
638;0;0.0;0.0;14;1092940;1773020;91;8.3;14;47;56;56;80
639;0;0.0;0.0;14;1092940;1773020;91;8.3;14;37;45;42;46
640;0;0.0;0.0;14;1092940;1773020;91;7.5;14;22;30;27;22
641;0;0.0;0.0;14;1092940;1773020;91;7.8;14;29;40;34;28
642;0;0.0;0.0;14;1092940;1773020;91;7.0;14;19;27;20;20
643;0;0.0;0.0;14;1092940;1773020;91;7.2;14;15;27;19;15
644;0;0.0;0.0;14;1092940;1773020;90;7.2;14;25;31;22;19
645;0;0.0;0.0;14;1092940;1773020;91;6.8;14;16;26;18;15
646;0;0.0;0.0;14;1092940;1773020;90;7.3;14;18;30;20;16
647;0;0.0;0.0;14;1092940;1773020;90;7.0;14;18;26;19;16
648;0;0.0;0.0;14;1092940;1773020;90;7.3;14;17;25;19;17
649;0;0.0;0.0;14;1092940;1773020;91;7.5;14;33;39;43;35
650;0;0.0;0.0;14;1092940;1773020;91;7.0;14;21;21;20;16
651;0;0.0;0.0;14;1092940;1773020;91;7.5;14;25;26;26;24
652;0;0.0;0.0;14;1092940;1773020;91;7.8;14;23;31;25;24
653;0;0.0;0.0;14;1092940;1773020;91;7.8;14;24;34;27;24
654;0;0.0;0.0;14;1092940;1773020;91;7.3;14;21;30;22;18
655;0;0.0;0.0;14;1092940;1773020;91;7.2;14;20;32;22;24
656;0;0.0;0.0;14;1092940;1773020;91;7.5;14;28;27;28;29
657;0;0.0;0.0;14;1092940;1773020;91;7.2;14;20;22;20;17
658;0;0.0;0.0;14;1092940;1773020;91;7.5;14;27;30;26;35
659;0;0.0;0.0;14;1092940;1773020;91;7.2;14;20;27;22;20
660;0;0.0;0.0;14;1092940;1773020;91;7.5;14;23;35;26;24
661;0;0.0;0.0;14;1092940;1773020;91;7.8;14;25;31;25;27
662;0;0.0;0.0;14;1092940;1773020;91;7.2;14;20;30;25;23
663;0;0.0;0.0;14;1092940;1773020;91;7.5;14;24;31;27;23
664;0;0.0;0.0;14;1092940;1773020;91;7.2;14;23;29;23;21
665;0;0.0;0.0;14;1092940;1773020;91;7.5;14;20;31;26;22
666;0;0.0;0.0;14;1092940;1773020;91;8.2;14;36;42;35;39
667;0;0.0;0.0;14;1092940;1773020;91;7.0;14;17;27;18;17
668;0;0.0;0.0;14;1092940;1773020;91;7.2;14;17;27;19;16
669;0;0.0;0.0;14;1092940;1773020;91;7.0;14;16;27;18;15
670;0;0.0;0.0;14;1092940;1773020;91;7.0;14;17;29;22;16
671;0;0.0;0.0;14;1092940;1773020;91;7.3;14;20;23;20;17
672;0;0.0;0.0;14;1092940;1773020;91;7.0;14;24;18;20;16
673;0;0.0;0.0;14;1092940;1773020;91;7.0;14;26;17;19;15
674;0;0.0;0.0;14;1092940;1773020;91;7.2;14;24;19;19;16
675;0;0.0;0.0;14;1092940;1773020;91;7.2;14;33;29;26;24
676;0;0.0;0.0;14;1092940;1773020;91;7.3;14;27;25;24;21
677;0;0.0;0.0;14;1092940;1773020;91;8.2;14;34;46;33;36
678;0;0.0;0.0;14;1092940;1773020;91;7.3;14;22;27;20;19
679;0;0.0;0.0;14;1092940;1773020;90;7.0;14;16;26;19;16
680;0;0.0;0.0;14;1092940;1773020;89;3.1;14;13;15;14;12
681;0;0.0;0.0;14;1092940;1773020;81;1.2;14;5.0;9.0;7.5;7.5
682;0;0.0;0.0;14;1093072;1838556;81;1.2;13;4.5;4.5;4.0;7.5
#eof
