time;nof_ue;dl_brate;ul_brate;proc_rmem;proc_rmem_kB;proc_vmem_kB;sys_mem;system_load;thread_count;cpu_0;cpu_1;cpu_2;cpu_3;cpu_4;cpu_5;cpu_6;cpu_7
0;0;0.0;0.0;4.1;663680;1907212;28;3.2;19;8.0;10;10;17;5.0;12;5.0;9.0
1;0;0.0;0.0;4.1;663680;1907212;28;4.0;19;9.9;9.9;11;18;5.9;11;6.9;8.9
2;0;0.0;0.0;4.1;663680;1907212;28;4.1;19;11;13;11;25;7.9;13;8.9;11
3;0;0.0;0.0;4.1;663680;1907212;28;4.0;19;9.0;12;13;18;6.0;12;7.0;8.0
4;0;0.0;0.0;4.1;663680;1907212;28;4.0;19;9.9;13;11;17;5.9;8.9;5.9;7.9
5;0;0.0;0.0;4.1;663680;1907212;28;3.8;19;9.0;11;11;18;6.0;10;7.0;8.0
6;0;0.0;0.0;4.1;663680;1907212;28;3.9;19;10;12;11;18;6.0;10;7.0;9.0
7;0;0.0;0.0;4.1;663680;1907212;28;3.9;19;9.0;12;11;17;6.0;10;6.0;8.0
8;0;0.0;0.0;4.1;663680;1907212;28;3.9;19;9.9;12;9.9;17;5.9;11;5.9;7.9
9;0;0.0;0.0;4.1;663680;1907212;28;3.9;19;10;11;10;17;6.0;10;6.0;8.0
10;0;0.0;0.0;4.1;663680;1907212;28;4.0;19;8.9;12;11;18;5.9;9.9;5.9;8.9
11;0;0.0;0.0;4.1;663680;1907212;28;3.9;19;9.9;11;11;17;5.9;11;6.9;7.9
12;0;0.0;0.0;4.1;663680;1907212;28;3.9;19;8.9;13;11;18;4.9;9.9;5.9;8.9
13;0;0.0;0.0;4.1;663680;1907212;28;3.9;19;9.9;12;11;17;5.9;11;5.9;8.9
14;0;0.0;0.0;4.1;663680;1907212;28;4.0;19;10;11;11;17;6.0;11;7.0;8.0
15;0;0.0;0.0;4.1;663680;1907212;28;3.8;19;10;13;11;17;6.0;9.0;7.0;9.0
16;0;0.0;0.0;4.1;663680;1907212;28;4.0;19;9.0;11;11;17;5.0;11;6.0;10
17;0;0.0;0.0;4.1;663680;1907212;28;3.9;19;9.9;12;11;18;4.9;9.9;5.9;7.9
18;0;0.0;0.0;4.1;663680;1907212;28;4.0;19;9.9;12;11;18;5.9;11;5.9;8.9
19;0;0.0;0.0;4.1;663680;1907212;28;4.0;19;7.9;12;11;18;4.9;11;5.9;9.9
20;0;0.0;0.0;4.1;663680;1907212;28;4.1;19;10;12;11;18;6.0;11;6.0;9.0
21;0;0.0;0.0;4.1;663680;1907212;28;4.0;19;9.9;12;11;18;5.9;11;5.9;8.9
22;0;0.0;0.0;4.1;663680;1907212;28;4.1;19;9.9;12;11;17;5.9;11;6.9;9.9
23;0;0.0;0.0;4.1;663680;1907212;28;4.0;19;12;11;9.9;19;5.9;11;5.9;9.9
24;0;0.0;0.0;4.1;663680;1907212;28;3.9;19;10;10;11;17;6.0;10;6.0;9.0
25;0;0.0;0.0;4.1;663680;1907212;28;3.8;19;9.0;12;12;16;6.0;10;6.0;8.0
26;0;0.0;0.0;4.1;663680;1907212;28;4.0;19;9.9;12;9.9;17;4.9;9.9;5.9;9.9
27;0;0.0;0.0;4.1;663680;1907212;28;4.0;19;8.9;11;11;17;5.9;12;5.9;8.9
28;0;0.0;0.0;4.1;663680;1907212;28;3.9;19;9.9;11;9.9;17;4.9;9.9;5.9;8.9
29;0;0.0;0.0;4.1;663680;1907212;28;3.9;19;9.0;10;11;17;6.0;11;6.0;10
30;0;0.0;0.0;4.1;663680;1907212;28;3.9;19;10;11;11;18;6.0;10;6.0;9.0
31;0;0.0;0.0;4.1;663680;1907212;28;4.0;19;8.9;11;11;17;5.9;11;5.9;8.9
32;0;0.0;0.0;4.1;663680;1907212;28;3.9;19;10;13;10;18;6.0;10;6.0;9.0
33;0;0.0;0.0;4.1;663680;1907212;28;3.9;19;8.9;13;11;17;5.9;9.9;5.9;8.9
34;0;0.0;0.0;4.1;663680;1907212;28;3.9;19;9.9;12;9.9;17;4.9;9.9;6.9;8.9
35;0;0.0;0.0;4.1;663680;1907212;28;4.0;19;9.0;11;11;18;6.0;11;6.0;9.0
36;0;0.0;0.0;4.1;663680;1907212;28;4.1;19;11;16;13;19;8.9;17;11;16
37;0;0.0;0.0;4.1;663680;1907212;28;4.1;19;10;12;11;18;5.0;11;6.0;8.0
38;0;0.0;0.0;4.1;663680;1907212;28;3.8;19;9.0;11;11;17;6.0;11;6.0;9.0
39;0;0.0;0.0;4.1;663680;1907212;28;4.0;19;9.9;12;11;17;5.9;9.9;5.9;8.9
40;0;0.0;0.0;4.1;663680;1907212;28;3.9;19;9.0;13;11;16;5.0;10;6.0;9.0
41;0;0.0;0.0;4.1;663680;1907212;28;4.0;19;8.0;12;11;17;6.0;11;7.0;9.0
42;0;0.0;0.0;4.1;663680;1907212;28;3.9;19;11;13;9.9;17;5.9;9.9;5.9;8.9
43;0;0.0;0.0;4.1;663680;1907212;28;4.0;19;10;12;10;18;6.0;10;6.0;9.0
44;0;0.0;0.0;4.1;663680;1907212;28;3.9;19;8.9;11;11;17;5.9;11;5.9;8.9
45;0;0.0;0.0;4.1;663680;1907212;28;3.9;19;8.9;13;9.9;17;5.9;8.9;4.9;8.9
46;0;0.0;0.0;4.1;663680;1907212;28;4.0;19;8.9;12;12;18;5.9;11;6.9;7.9
47;0;0.0;0.0;4.1;663680;1907212;28;4.0;19;8.9;13;11;17;4.9;8.9;6.9;9.9
48;0;0.0;0.0;4.1;663680;1907212;28;3.9;19;10;12;10;17;6.0;10;6.0;8.0
49;0;0.0;0.0;4.1;663680;1907212;28;4.0;19;9.0;13;11;17;6.0;10;6.0;9.0
50;0;0.0;0.0;4.1;663680;1907212;28;4.0;19;8.9;11;11;18;5.9;11;5.9;7.9
51;0;0.0;0.0;4.1;663680;1907212;28;3.9;19;10;11;11;17;6.0;10;7.0;8.0
52;0;0.0;0.0;4.1;663680;1907212;28;4.0;19;8.9;14;9.9;17;4.9;9.9;5.9;8.9
53;0;0.0;0.0;4.1;663680;1907212;28;3.9;19;9.0;13;12;18;6.0;10;7.0;9.0
54;0;0.0;0.0;4.1;663680;1907212;28;4.1;19;7.9;13;11;17;4.9;9.9;5.9;7.9
55;0;0.0;0.0;4.1;663680;1907212;28;3.8;19;9.0;12;11;17;6.0;10;6.0;9.0
56;1;0.0;0.0;4.4;708552;1912876;28;4.4;19;11;13;11;18;7.0;11;7.0;10
57;1;0.0;0.0;4.4;708552;1912876;28;4.2;19;9.0;12;11;18;6.0;11;6.0;10
58;2;2315.789551;1473.684204;4.4;708552;1912876;28;4.1;19;10;12;11;17;6.0;12;6.0;9.0
59;2;8341.708984;45708.542969;4.4;715200;1912876;28;4.3;19;12;11;12;18;7.9;9.9;6.9;9.9
60;1;0.0;0.0;4.4;715200;1912876;28;4.8;19;13;12;11;18;7.0;11;7.0;11
61;2;265737.718750;272672.125000;4.4;715200;1912876;28;4.1;19;11;12;11;18;6.0;11;7.0;10
62;2;28088.000000;78656.000000;4.4;715200;1912876;28;4.2;19;10;10;11;17;7.0;11;7.0;10
63;2;194576.000000;23176.000000;4.4;715200;1912876;28;4.1;19;10;14;11;18;6.0;10;7.0;10
64;2;1158816.000000;34016.000000;4.4;715200;1912876;28;4.5;19;11;11;11;19;5.9;9.9;6.9;8.9
65;2;0.0;0.0;4.4;715200;1912876;28;4.0;19;9.0;11;10;17;7.0;10;7.0;9.0
66;2;280;2024.000000;4.4;715200;1912876;28;4.1;19;10;11;11;17;6.0;10;8.0;10
67;2;112;1256.000000;4.4;715200;1912876;28;4.0;19;11;11;9.9;18;5.9;11;5.9;8.9
68;2;56;1256.000000;4.4;715200;1912876;28;4.0;19;12;11;9.9;18;5.9;9.9;5.9;7.9
69;2;56;4264.000000;4.4;715200;1912876;28;4.1;19;11;11;10;17;6.0;10;5.0;9.0
70;2;112;4268.268066;4.4;715200;1912876;28;4.1;19;9.9;12;12;17;5.9;9.9;5.9;8.9
71;2;28432.000000;77632.000000;4.4;715200;1912876;28;4.2;19;9.0;14;10;18;6.0;9.0;7.0;9.0
72;2;18184.000000;5656.000000;4.4;715200;1912876;28;4.0;19;9.0;15;11;16;5.0;10;6.0;8.0
73;2;652936.000000;33928.000000;4.4;715200;1912876;28;4.2;19;11;11;11;18;6.0;11;6.0;9.0
74;2;653496.000000;40088.000000;4.4;715200;1912876;28;4.0;19;11;9.9;9.9;17;5.9;9.9;5.9;9.9
75;2;56;4264.000000;4.4;715200;1912876;28;4.0;19;9.9;12;11;17;5.9;11;5.9;7.9
76;2;56;4264.000000;4.4;715200;1912876;28;4.1;19;10;11;10;17;5.0;10;6.0;9.0
77;2;56;4392.000000;4.4;715200;1912876;28;4.0;19;11;9.9;9.9;18;6.9;11;5.9;8.9
78;2;171336.000000;210704.000000;4.4;715200;1912876;28;4.4;19;12;12;11;17;5.9;9.9;5.9;8.9
79;2;84160.000000;78936.000000;4.4;715200;1912876;28;4.2;19;11;11;11;17;6.0;10;6.0;9.0
80;2;55888.000000;68088.000000;4.4;715200;1912876;28;4.6;19;12;7.9;12;18;5.9;8.9;11;11
81;2;134752.000000;374720.000000;4.4;715200;1912876;28;5.6;19;14;7.0;12;18;7.0;10;13;13
82;2;133648.000000;244280.000000;4.4;715200;1912876;28;5.1;19;13;5.9;12;18;6.9;8.9;11;12
83;2;151024.000000;62032.000000;4.4;715200;1912876;28;4.1;19;12;6.9;11;16;6.9;8.9;11;7.9
84;2;1154472.000000;54376.000000;4.4;715200;1912876;28;4.4;19;12;6.0;11;17;6.0;9.0;12;9.0
85;2;56;4392.000000;4.4;715200;1912876;28;3.9;19;11;6.0;11;17;7.0;9.0;11;8.0
86;2;56;2024.000000;4.4;715200;1912876;28;4.1;19;12;5.9;11;17;5.9;7.9;11;8.9
87;2;12256.000000;45504.000000;4.4;715200;1912876;28;4.1;19;11;6.9;12;18;5.9;8.9;11;8.9
88;2;127072.000000;152168.000000;4.4;715200;1912876;28;4.2;19;11;6.0;11;17;6.0;9.0;11;8.0
89;2;2856.000000;17568.000000;4.4;715200;1912876;28;4.0;19;12;5.9;11;17;6.9;7.9;11;8.9
90;2;52480.000000;117936.000000;4.4;715200;1912876;28;4.4;19;11;6.0;11;18;6.0;9.0;12;9.0
91;2;566616.000000;33144.000000;4.4;715200;1912876;28;4.6;19;13;6.9;11;17;5.9;8.9;11;11
92;2;0.0;0.0;4.4;715200;1912876;28;4.1;19;12;6.0;11;18;7.0;10;11;8.0
93;2;2233245.250000;172856.031250;4.4;717048;1912876;28;4.5;19;12;7.9;12;19;8.9;9.9;12;12
94;2;9097720.000000;295576.000000;4.4;717048;1912876;28;6.0;19;16;7.9;13;19;8.9;11;13;13
95;2;18461504.000000;604776.000000;4.4;717048;1912876;28;9.0;19;23;11;15;21;16;14;15;19
96;2;23730400.000000;587000.000000;4.4;717048;1912876;28;8.9;19;22;10;17;21;15;15;15;20
97;2;25854592.000000;503368.000000;4.4;717048;1912876;28;8.1;19;21;11;15;20;10;13;16;20
98;2;8441928.000000;395448.000000;4.4;717048;1912876;28;7.5;19;20;8.9;14;19;9.9;12;14;19
99;2;10066176.000000;350088.000000;4.4;717048;1912876;28;7.2;19;19;8.0;13;20;9.0;11;14;18
100;2;14624952.000000;382888.000000;4.4;717048;1912876;28;7.2;19;20;9.0;14;20;9.0;11;14;17
101;2;12586088.000000;333632.000000;4.4;717048;1912876;28;7.1;19;19;8.9;12;20;18;12;14;18
102;2;3608288.000000;137752.000000;4.4;717048;1912876;28;6.0;19;16;7.0;12;18;7.0;10;13;15
103;2;4986544.000000;302464.000000;4.4;717048;1912876;28;6.0;19;16;7.9;13;19;8.9;9.9;13;14
104;2;10821264.000000;284152.000000;4.4;717048;1912876;28;7.0;19;18;7.9;12;19;7.9;11;15;17
105;2;15418368.000000;371240.000000;4.4;717048;1912876;28;7.2;19;19;10;13;20;9.0;12;14;18
106;2;821192.000000;121392.000000;4.4;717048;1912876;28;4.4;19;12;6.0;11;17;7.0;10;11;9.0
107;2;9952.000000;44304.000000;4.4;717048;1912876;28;4.4;19;12;9.9;13;20;8.9;11;12;25
108;2;0.0;0.0;4.4;717048;1912876;28;4.0;19;11;6.0;12;18;6.0;8.0;11;9.0
109;2;56;4392.000000;4.4;717048;1912876;28;4.0;19;11;5.9;11;18;5.9;8.9;11;8.9
110;2;0.0;0.0;4.4;717048;1912876;28;4.1;19;11;5.9;11;18;6.9;8.9;9.9;8.9
111;2;56;2024.000000;4.4;717048;1912876;28;4.1;19;10;5.0;10;17;6.0;10;12;8.0
112;2;56;4392.000000;4.4;717048;1912876;28;4.1;19;11;6.9;11;18;5.9;8.9;13;7.9
113;2;56;4264.000000;4.4;717048;1912876;28;4.1;19;10;6.0;11;17;7.0;10;12;9.0
114;2;56;4387.612305;4.4;717048;1912876;28;4.1;19;11;6.0;10;18;6.0;9.0;11;8.0
115;2;56;4396.396484;4.4;717048;1912876;28;4.1;19;12;5.9;9.9;18;5.9;8.9;9.9;8.9
116;2;56;1256.000000;4.4;717048;1912876;28;4.0;19;12;5.0;11;18;7.0;9.0;12;9.0
117;2;56;2376.000000;4.4;717048;1912876;28;4.3;19;12;6.9;11;18;5.9;18;12;8.9
118;2;6256.000000;29536.000000;4.4;717048;1912876;28;4.3;19;11;5.9;9.9;18;5.9;9.9;11;8.9
119;2;56;3344.000000;4.4;717048;1912876;28;4.1;19;12;6.0;10;17;7.0;9.0;11;9.0
120;2;56;1256.000000;4.4;717048;1912876;28;4.1;19;12;5.9;11;18;5.9;8.9;11;8.9
121;2;56;3344.000000;4.4;717048;1912876;28;4.1;19;11;6.0;11;17;6.0;9.0;11;9.0
122;2;1232.000000;5304.000000;4.4;717048;1912876;28;4.1;19;11;5.9;12;18;5.9;9.9;12;8.9
123;2;56;2376.000000;4.4;717048;1912876;28;4.1;19;11;5.9;9.9;18;6.9;8.9;11;7.9
124;2;6200.000000;19784.000000;4.4;717048;1912876;28;4.1;19;12;5.0;11;18;6.0;9.0;12;9.0
125;2;56;2024.000000;4.4;717048;1912876;28;4.1;19;11;6.9;11;17;5.9;8.9;11;7.9
126;2;56;4392.000000;4.4;717048;1912876;28;4.0;19;11;5.9;11;17;6.9;9.9;11;7.9
127;2;56;4392.000000;4.4;717048;1912876;28;4.1;19;11;4.9;11;17;6.9;8.9;11;8.9
128;2;56;3240.000000;4.4;717048;1912876;28;4.1;19;12;6.0;11;18;6.0;9.0;10;9.0
129;2;56;4264.000000;4.4;717048;1912876;28;4.1;19;11;6.0;11;17;6.0;9.0;10;9.0
130;2;56;4264.000000;4.4;717048;1912876;28;4.0;19;11;6.9;11;18;5.9;8.9;11;7.9
131;2;56;4392.000000;4.4;717048;1912876;28;4.2;19;11;6.0;10;17;7.0;9.0;12;9.0
132;2;56;4392.000000;4.4;717048;1912876;28;4.0;19;11;6.0;10;18;7.0;14;12;8.0
133;2;24928.000000;89336.000000;4.4;717048;1912876;28;4.1;19;9.9;5.9;11;17;5.9;8.9;12;8.9
134;2;56;4264.000000;4.4;717048;1912876;28;4.1;19;11;5.9;9.9;17;5.9;8.9;12;7.9
135;2;0.0;0.0;4.4;717048;1912876;28;4.1;19;11;6.0;11;18;6.0;9.0;11;8.0
136;2;56;4264.000000;4.4;717048;1912876;28;4.1;19;11;5.9;11;18;6.9;9.9;12;8.9
137;2;0.0;0.0;4.4;717048;1912876;28;4.3;19;12;6.9;11;17;5.9;9.9;12;8.9
138;2;47376.000000;154160.000000;4.4;717048;1912876;28;4.1;19;11;5.0;10;18;7.0;9.0;12;8.0
139;2;0.0;0.0;4.4;717048;1912876;28;4.0;19;12;6.0;10;17;6.0;9.0;12;9.0
140;2;56;4392.000000;4.4;717048;1912876;28;4.1;19;9.9;5.9;11;17;5.9;8.9;11;7.9
141;2;0.0;0.0;4.4;717048;1912876;28;4.0;19;11;7.0;11;18;6.0;9.0;13;8.0
142;2;56;4136.000000;4.4;717048;1912876;28;4.3;19;11;5.9;11;17;6.9;8.9;12;8.9
143;2;0.0;0.0;4.4;717048;1912876;28;4.0;19;10;6.0;10;17;6.0;10;12;9.0
144;2;0.0;0.0;4.4;717048;1912876;28;4.1;19;12;6.9;9.9;18;5.9;8.9;11;7.9
145;2;0.0;0.0;4.4;717048;1912876;28;4.1;19;12;7.0;10;17;7.0;9.0;11;8.0
146;2;0.0;0.0;4.4;717048;1912876;28;4.1;19;11;5.9;11;18;5.9;9.9;12;7.9
147;2;0.0;0.0;4.4;717048;1912876;28;3.9;19;12;6.0;10;17;6.0;9.0;10;9.0
148;2;2208.000000;8528.000000;4.4;717048;1912876;28;4.4;19;14;7.0;16;21;7.0;10;20;14
149;1;0.0;0.0;4.4;717048;1912876;28;4.1;19;11;6.9;11;18;5.9;9.9;11;8.9
150;1;0.0;0.0;4.4;717048;1912876;28;4.0;19;12;5.9;9.9;17;6.9;8.9;11;7.9
151;2;21505.376953;73066.664062;4.4;717048;1912876;28;4.1;19;12;7.0;11;17;7.0;10;12;10
152;2;8200.000000;34152.000000;4.4;717048;1912876;28;4.2;19;11;6.0;10;17;6.0;9.0;11;8.0
153;2;1496.000000;4048.000000;4.4;717048;1912876;28;3.9;19;12;5.9;9.9;16;5.9;7.9;9.9;8.9
154;2;71488.000000;73032.000000;4.4;717048;1912876;28;4.3;19;11;6.9;11;18;5.9;9.9;12;7.9
155;2;13008.000000;35448.000000;4.4;717048;1912876;28;4.2;19;12;6.0;10;17;7.0;9.0;11;9.0
156;2;44000.000000;108936.000000;4.4;717048;1912876;28;4.4;19;11;6.9;12;17;5.9;9.9;11;9.9
157;2;6496.000000;16192.000000;4.4;717048;1912876;28;4.0;19;11;6.9;11;16;5.9;8.9;12;7.9
158;2;6160.000000;38496.000000;4.4;717048;1912876;28;4.2;19;12;7.0;17;20;7.0;10;14;10
159;1;0.0;0.0;4.4;711592;1907212;28;4.2;19;12;6.0;10;17;6.0;9.0;11;10
160;1;224;0.0;4.4;711592;1907212;28;3.9;19;13;5.9;11;18;5.9;8.9;9.9;7.9
161;1;116416.000000;152744.000000;4.4;711592;1907212;28;4.4;19;13;7.0;10;17;7.0;9.0;11;9.0
162;1;178248.000000;296368.000000;4.4;711592;1907212;28;4.8;19;12;6.9;11;18;5.9;9.9;12;9.9
163;1;7904.000000;26312.000000;4.4;711592;1907212;28;4.0;19;10;7.0;11;16;6.0;10;11;9.0
164;1;3064.000000;8096.000000;4.4;711592;1907212;28;4.0;19;11;5.9;11;17;5.9;8.9;11;7.9
165;1;0.0;0.0;4.4;711592;1907212;28;3.9;19;11;5.9;9.9;17;5.9;7.9;9.9;7.9
166;1;0.0;0.0;4.4;711592;1907212;28;4.1;19;12;5.9;11;18;6.9;8.9;9.9;8.9
167;1;4440.000000;8096.000000;4.4;711592;1907212;28;4.1;19;12;6.0;11;18;7.0;9.0;11;8.0
168;1;14664.000000;50560.000000;4.4;711592;1907212;28;4.1;19;9.9;5.9;11;17;5.9;8.9;12;8.9
169;1;131720.000000;131592.000000;4.4;711592;1907212;28;4.2;19;12;7.0;10;17;6.0;9.0;12;8.0
170;1;2728.000000;6072.000000;4.4;711592;1907212;28;4.0;19;10;5.0;11;16;6.0;9.0;12;8.0
171;1;51152.000000;131768.000000;4.4;711592;1907212;28;4.4;19;12;6.9;11;19;6.9;8.9;11;9.9
172;1;38925936.000000;897512.000000;4.4;711592;1907212;28;9.6;19;26;13;16;22;12;14;17;23
173;1;47393976.000000;887464.000000;4.4;711592;1907212;28;10;19;28;14;16;23;13;16;19;24
174;1;47389880.000000;774768.000000;4.4;711592;1907212;28;9.9;19;28;13;16;23;13;16;17;24
175;1;45988600.000000;847880.000000;4.4;711592;1907212;28;9.9;19;28;15;16;23;11;15;17;24
176;1;41674808.000000;777928.000000;4.4;711592;1907212;28;9.5;19;27;13;16;22;11;14;18;23
177;1;45744344.000000;810512.000000;4.4;711592;1907212;28;9.6;19;27;15;16;23;12;15;18;23
178;1;48054352.000000;843008.000000;4.4;711592;1907212;28;9.8;19;28;15;16;23;11;16;17;24
179;1;41493336.000000;734312.000000;4.4;711592;1907212;28;9.3;19;26;14;16;23;11;13;17;22
180;1;38153248.000000;721928.000000;4.4;711592;1907212;28;9.1;19;25;12;15;21;12;15;16;22
181;1;26519336.000000;583136.000000;4.4;711592;1907212;28;8.1;19;22;11;15;20;9.9;13;16;20
182;1;31082040.000000;633776.000000;4.4;711592;1907212;28;8.6;19;23;12;15;21;9.9;14;17;21
183;1;28719840.000000;548880.000000;4.4;711592;1907212;28;8.3;19;23;11;15;21;9.9;14;15;20
184;1;29768032.000000;609160.000000;4.4;711592;1907212;29;8.4;19;22;11;14;22;10;13;17;21
185;1;33716472.000000;683040.000000;4.4;711592;1907212;29;8.8;19;24;12;15;21;11;13;17;22
186;1;27883512.000000;582896.000000;4.4;711592;1907212;29;8.2;19;23;11;15;21;10;13;16;20
187;1;3425200.000000;208544.000000;4.4;711592;1907212;29;4.6;19;11;6.9;11;18;6.9;8.9;11;9.9
188;1;18856.000000;71968.000000;4.4;711592;1907212;29;4.1;19;11;6.0;12;17;6.0;9.0;13;9.0
189;1;5720.000000;21640.000000;4.4;711592;1907212;29;4.0;19;11;8.9;11;17;5.9;5.9;12;8.9
190;1;224;4264.000000;4.4;711592;1907212;29;4.0;19;9.9;8.9;11;17;5.9;5.9;11;8.9
191;1;112;4264.000000;4.4;711592;1907212;29;4.1;19;10;9.0;10;17;6.0;6.0;11;9.0
192;1;224;4392.000000;4.4;711592;1907212;29;4.0;19;9.9;8.9;9.9;18;5.9;5.9;12;8.9
193;1;392;4392.000000;4.4;711592;1907212;29;4.0;19;10;9.0;9.0;17;19;5.0;14;9.0
194;1;6272.000000;46512.000000;4.4;711592;1907212;28;4.0;19;9.9;9.9;8.9;17;20;5.9;14;7.9
195;1;392;4268.268066;4.4;711592;1907212;28;4.0;19;11;8.9;7.9;17;6.9;4.9;13;8.9
196;1;8416.000000;36240.000000;4.4;711592;1907212;28;4.1;19;9.9;8.9;9.9;18;5.9;5.9;12;8.9
197;1;149400.000000;307440.000000;4.4;711592;1907212;28;4.2;19;11;10;9.0;17;6.0;6.0;13;9.0
198;1;81192.000000;138840.000000;4.4;711592;1907212;28;4.1;19;13;8.9;7.9;17;6.9;5.9;13;8.9
199;1;14896.000000;89408.000000;4.4;711592;1907212;28;4.3;19;9.9;8.9;8.9;17;5.9;4.9;13;9.9
200;1;2904.000000;26096.000000;4.4;711592;1907212;28;4.0;19;9.0;10;10;17;6.0;5.0;14;8.0
201;1;2376.000000;21704.000000;4.4;711592;1907212;28;3.9;19;10;9.0;8.0;17;6.0;6.0;12;9.0
202;1;504;4392.000000;4.4;711592;1907212;29;4.0;19;11;10;9.0;17;5.0;5.0;13;9.0
203;1;448;4392.000000;4.4;711592;1907212;28;3.9;19;9.9;8.9;8.9;18;5.9;4.9;12;8.9
204;1;22312.000000;69360.000000;4.4;711592;1907212;28;4.2;19;10;9.0;9.0;17;6.0;6.0;13;10
205;1;12688.000000;48056.000000;4.4;711592;1907212;28;3.9;19;9.9;9.9;8.9;17;5.9;4.9;13;8.9
206;1;56;4392.000000;4.4;711592;1907212;28;3.9;19;11;8.0;9.0;16;6.0;5.0;14;8.0
207;1;21006096.000000;819288.000000;4.4;711592;1907212;29;7.6;19;22;15;18;23;13;13;25;21
208;1;38087312.000000;839104.000000;4.4;711592;1907212;29;9.4;19;25;16;15;21;11;13;19;22
209;1;40277064.000000;856288.000000;4.4;711592;1907212;29;9.4;19;25;15;15;22;12;13;19;23
210;1;31087728.000000;706640.000000;4.4;711592;1907212;29;8.5;19;23;14;14;21;10;11;20;21
211;1;27194128.000000;694680.000000;4.4;711592;1907212;29;8.5;19;22;14;15;20;8.9;12;19;19
212;1;33639656.000000;682800.000000;4.4;711592;1907212;29;8.9;19;23;14;14;21;11;12;20;21
213;1;44026208.000000;802160.000000;4.4;711592;1907212;29;9.4;19;26;16;15;21;12;13;19;22
214;1;48234648.000000;846848.000000;4.4;711592;1907212;29;9.8;19;26;14;15;22;12;16;19;24
215;1;47954432.000000;838376.000000;4.4;711592;1907212;29;9.8;19;27;14;15;22;13;16;20;23
216;1;46548240.000000;852248.000000;4.4;711592;1907212;29;9.6;19;26;14;15;22;13;15;19;24
217;1;45641464.000000;832584.000000;4.4;711592;1907212;29;9.6;19;26;14;18;22;12;15;15;23
218;1;42256448.000000;848816.000000;4.4;711592;1907212;29;9.5;19;26;14;16;22;13;13;16;25
219;1;42306384.000000;855056.000000;4.4;711592;1907212;29;9.2;19;25;15;14;21;12;13;16;27
220;1;42341152.000000;839240.000000;4.4;711592;1907212;29;9.4;19;25;14;15;22;14;13;17;24
221;1;44521504.000000;884368.000000;4.4;711592;1907212;29;9.5;19;26;12;14;21;18;13;18;23
222;1;17562912.000000;483808.000000;4.4;711592;1907212;29;6.1;19;15;9.9;9.9;18;14;8.9;11;14
223;1;39568.000000;97280.000000;4.4;711592;1907212;29;3.9;19;10;9.0;8.0;16;13;8.0;7.0;9.0
224;1;0.0;0.0;4.4;711592;1907212;29;4.0;19;7.9;5.9;7.9;16;23;17;7.9;7.9
225;1;0.0;0.0;4.4;711592;1907212;29;3.9;19;8.9;5.9;7.9;16;13;18;7.9;7.9
226;1;0.0;0.0;4.4;711592;1907212;29;3.9;19;8.9;7.9;7.9;16;13;7.9;7.9;8.9
227;1;0.0;0.0;4.4;711592;1907212;29;4.1;19;10;8.0;15;20;14;9.0;8.0;9.0
228;1;0.0;0.0;4.4;711592;1907212;29;4.0;19;11;9.9;7.9;16;12;5.9;7.9;7.9
229;1;2144.000000;8400.000000;4.4;711592;1907212;29;3.9;19;10;9.0;8.0;17;13;8.0;7.0;8.0
230;1;13408.000000;40248.000000;4.4;711592;1907212;29;4.0;19;10;7.0;9.0;16;12;8.0;7.0;8.0
231;1;150792.000000;294608.000000;4.4;711592;1907212;29;4.4;19;9.9;7.9;7.9;17;13;6.9;8.9;9.9
232;1;37664.000000;77776.000000;4.4;711592;1907212;29;4.0;19;7.9;8.9;7.9;17;13;8.9;7.9;7.9
233;1;4400.000000;25584.000000;4.4;711592;1907212;29;3.9;19;10;9.0;9.0;15;12;6.0;8.0;8.0
234;1;3592.000000;8528.000000;4.4;711592;1907212;29;4.0;19;9.0;9.0;8.0;17;13;7.0;7.0;8.0
235;1;2042.041992;17329.330078;4.4;711592;1907212;29;4.0;19;9.9;7.9;7.9;16;13;8.9;7.9;7.9
236;1;78233.765625;130853.148438;4.4;711592;1907212;29;4.0;19;11;8.0;8.0;17;13;8.0;7.0;9.0
237;1;8216.215820;34386.386719;4.4;711592;1907212;29;3.9;19;10;8.0;8.0;16;12;9.0;9.0;7.0
238;1;26712.000000;114352.000000;4.4;711592;1907212;29;4.3;19;9.9;8.9;7.9;16;13;7.9;7.9;7.9
239;1;7232.000000;24560.000000;4.4;711592;1907212;29;3.9;19;11;5.0;8.0;16;13;10;8.0;8.0
240;1;69192.000000;204320.000000;4.4;711592;1907212;29;4.0;19;9.9;8.9;7.9;16;13;6.9;7.9;7.9
241;1;22729256.000000;712840.000000;4.4;711592;1907212;29;7.8;19;21;9.0;13;20;16;10;14;19
242;1;26515344.000000;693872.000000;4.4;711592;1907212;29;8.2;19;22;9.0;14;20;17;11;15;20
243;1;26397064.000000;608456.000000;4.4;711592;1907212;29;8.0;19;21;9.9;12;20;17;12;15;19
244;1;29675816.000000;557656.000000;4.4;711592;1907212;29;8.1;19;22;9.9;12;20;16;11;14;21
245;1;19224160.000000;492808.000000;4.4;711592;1907212;29;7.4;19;19;8.9;11;19;15;11;13;18
246;1;18740928.000000;484008.000000;4.4;711592;1907212;29;7.6;19;19;9.0;11;20;17;11;14;18
247;1;17071488.000000;548608.000000;4.4;711592;1907212;29;7.5;19;20;9.9;11;20;16;9.9;13;18
248;1;12773880.000000;462448.000000;4.4;711592;1907212;29;7.1;19;19;8.9;11;18;16;11;12;18
249;1;3055504.000000;230144.000000;4.4;711592;1907212;29;6.0;19;14;8.0;9.0;18;14;8.0;11;14
250;1;2557280.000000;219440.000000;4.4;711592;1907212;29;5.9;19;15;7.9;9.9;17;15;8.9;8.9;14
251;1;3226640.000000;223472.000000;4.4;711592;1907212;29;5.9;19;14;7.9;7.9;17;15;7.9;9.9;15
252;1;3800408.000000;218960.000000;4.4;711592;1907212;29;6.0;19;15;9.0;10;18;14;9.0;10;14
253;1;2228880.000000;156720.000000;4.4;711592;1907212;29;5.6;19;13;7.9;7.9;17;14;8.9;7.9;13
254;1;2656920.000000;214272.000000;4.4;711592;1907212;29;5.9;19;14;8.9;9.9;17;15;7.9;11;14
255;1;4645768.000000;228544.000000;4.4;711592;1907212;29;6.0;19;15;7.0;10;17;14;8.0;23;15
256;1;463456.000000;177184.000000;4.4;711592;1907212;29;4.4;19;11;7.9;8.9;17;13;7.9;8.9;8.9
257;1;9504.000000;42152.000000;4.4;711592;1907212;29;3.9;19;10;9.0;8.0;15;12;8.0;7.0;8.0
258;1;75336.000000;118896.000000;4.4;711592;1907212;29;4.0;19;9.0;9.0;8.0;17;13;8.0;8.0;8.0
259;1;14272.000000;41144.000000;4.4;711592;1907212;29;4.0;19;11;6.9;7.9;16;12;7.9;6.9;7.9
260;1;183560.000000;360608.000000;4.4;711592;1907212;29;4.4;19;11;8.0;8.0;17;14;8.0;9.0;9.0
261;1;7704.000000;45112.000000;4.4;711592;1907212;29;3.9;19;9.9;8.9;7.9;15;12;8.9;6.9;7.9
262;1;4608.000000;23768.000000;4.4;711592;1907212;29;3.9;19;11;9.0;8.0;16;12;7.0;7.0;8.0
263;1;2248.000000;17312.000000;4.4;711592;1907212;29;4.3;19;20;9.9;11;17;16;15;8.9;13
264;1;3296.000000;26352.000000;4.4;711592;1907212;29;4.0;19;9.9;7.9;8.9;17;12;6.9;6.9;8.9
265;1;0.0;0.0;4.4;711592;1907212;29;4.0;19;10;7.0;9.0;16;12;10;8.0;9.0
266;1;19600.000000;153072.000000;4.4;711592;1907212;29;4.3;19;11;7.9;9.9;17;12;7.9;7.9;8.9
267;1;26872.000000;109504.000000;4.4;711592;1907212;29;4.1;19;10;8.0;9.0;16;13;8.0;7.0;10
268;1;560;8784.000000;4.4;711592;1907212;29;4.0;19;10;7.0;10;16;12;9.0;8.0;8.0
269;1;3412140.250000;334966.968750;4.4;711592;1907212;29;4.9;19;13;8.9;8.9;17;13;7.9;7.9;12
270;1;13874136.000000;511664.000000;4.4;711592;1907212;29;7.3;19;20;9.9;11;20;16;9.9;13;18
271;1;7612320.000000;416648.000000;4.4;711592;1907212;29;6.8;19;18;10;11;18;16;10;10;15
272;1;9678312.000000;360968.000000;4.4;711592;1907212;29;6.5;19;17;8.9;9.9;18;15;9.9;9.9;16
273;1;15157872.000000;371680.000000;4.4;711592;1907212;29;7.1;19;20;9.9;11;19;16;11;11;18
274;1;17524200.000000;457008.000000;4.4;711592;1907212;29;7.2;19;20;11;11;19;16;12;12;17
275;1;15354192.000000;352072.000000;4.4;711592;1907212;29;7.4;19;20;8.9;12;18;16;11;11;18
276;1;9598856.000000;305144.000000;4.4;711592;1907212;29;6.9;19;18;9.9;11;19;16;9.9;11;16
277;1;354896.000000;39808.000000;4.4;711592;1907212;29;4.5;19;12;7.9;8.9;18;12;6.9;7.9;12
278;1;1159600.000000;171728.000000;4.4;711592;1907212;29;5.9;19;14;8.0;9.0;17;15;10;9.0;15
279;1;964648.000000;121904.000000;4.4;711592;1907212;29;5.5;19;14;9.0;9.0;16;13;9.0;8.0;14
280;1;0.0;0.0;4.4;711592;1907212;29;4.0;19;9.9;5.9;7.9;16;12;7.9;6.9;11
281;1;0.0;0.0;4.4;711592;1907212;29;4.0;19;11;9.9;8.9;16;12;7.9;7.9;7.9
282;1;0.0;0.0;4.4;711592;1907212;29;4.0;19;11;7.9;9.9;17;12;5.9;6.9;9.9
283;1;0.0;0.0;4.4;711592;1907212;29;4.0;19;10;10;10;16;12;7.0;7.0;8.0
284;0;0.0;0.0;4.4;711592;1907212;29;4.1;19;9.9;6.9;9.9;16;12;8.9;6.9;9.9
285;0;0.0;0.0;4.4;711592;1907212;29;3.9;19;8.9;8.9;9.9;17;12;6.9;7.9;8.9
286;0;0.0;0.0;4.4;711592;1907212;29;4.0;19;10;7.0;10;17;11;8.0;8.0;17
287;0;0.0;0.0;4.4;711592;1907212;29;4.1;19;11;8.0;18;19;13;10;10;10
288;0;0.0;0.0;4.4;711592;1907212;30;4.3;19;14;11;14;18;15;16;13;16
289;0;0.0;0.0;4.4;711592;1907212;29;3.9;19;11;7.9;8.9;17;9.9;8.9;7.9;7.9
290;0;0.0;0.0;4.4;711592;1907212;29;4.0;19;10;9.0;10;17;12;7.0;8.0;10
291;0;0.0;0.0;4.4;711592;1907212;29;3.9;19;9.9;9.9;9.9;16;11;6.9;6.9;7.9
292;0;0.0;0.0;4.4;711592;1907212;29;4.1;19;9.9;6.9;9.9;17;12;8.9;7.9;9.9
293;0;0.0;0.0;4.4;711592;1907212;29;3.9;19;11;7.0;10;17;11;9.0;8.0;10
294;0;0.0;0.0;4.4;711592;1907212;29;4.0;19;9.9;6.9;9.9;17;12;8.9;7.9;9.9
295;0;0.0;0.0;4.4;711592;1907212;29;3.9;19;11;9.0;9.0;17;11;7.0;8.0;9.0
296;0;0.0;0.0;4.4;711592;1907212;29;4.0;19;11;7.9;9.9;17;11;4.9;7.9;8.9
297;0;0.0;0.0;4.4;711592;1907212;29;3.9;19;9.9;4.9;9.9;18;11;5.9;7.9;14
298;0;0.0;0.0;4.4;711592;1907212;29;3.8;19;10;9.0;9.0;18;10;6.0;7.0;10
299;0;0.0;0.0;4.4;711592;1907212;29;3.8;19;9.9;6.9;8.9;16;11;6.9;6.9;12
300;0;0.0;0.0;4.4;711592;1907212;29;3.8;19;10;8.0;8.0;17;10;6.0;7.0;11
301;0;0.0;0.0;4.4;711592;1907212;29;3.8;19;9.0;4.0;9.0;18;11;5.0;8.0;16
302;0;0.0;0.0;4.4;711592;1907212;29;3.8;19;8.9;5.9;8.9;18;11;4.9;6.9;16
303;0;0.0;0.0;4.4;711592;1907212;30;4.1;19;15;10;14;20;14;14;10;11
304;0;0.0;0.0;4.4;711592;1907212;30;3.8;19;9.9;6.9;8.9;17;9.9;5.9;6.9;12
305;0;0.0;0.0;4.4;711592;1907212;30;3.6;19;9.9;4.9;8.9;17;11;3.9;7.9;15
306;0;0.0;0.0;4.4;711592;1907212;30;3.6;19;10;4.0;8.0;17;11;5.0;8.0;16
307;0;0.0;0.0;4.4;711592;1907212;30;3.9;19;7.9;5.9;8.9;17;11;4.9;6.9;15
308;0;0.0;0.0;4.4;711592;1907212;30;3.6;19;9.0;4.0;8.0;17;11;5.0;8.0;16
309;0;0.0;0.0;4.4;711592;1907212;30;3.8;19;8.9;4.9;8.9;17;9.9;4.9;6.9;16
310;0;0.0;0.0;4.4;711592;1907212;30;3.6;19;10;5.0;9.0;18;11;5.0;7.0;16
311;0;0.0;0.0;4.4;711592;1907212;30;3.9;19;9.9;4.9;7.9;17;11;4.9;6.9;14
312;1;1802.816895;394;4.4;711592;1907212;30;3.8;19;10;7.0;9.0;18;11;11;8.0;11
313;0;0.0;0.0;4.4;711592;1907212;30;4.0;19;10;9.0;10;17;11;7.0;9.0;11
314;0;0.0;0.0;4.4;711592;1907212;29;3.9;19;8.9;8.9;11;17;11;6.9;6.9;8.9
315;0;0.0;0.0;4.4;711592;1907212;29;4.0;19;10;7.0;10;17;11;7.0;8.0;10
316;0;0.0;0.0;4.4;711592;1907212;29;3.9;19;10;7.0;9.0;17;11;7.0;8.0;11
317;0;0.0;0.0;4.4;711592;1907212;29;4.0;19;9.9;9.9;7.9;16;11;6.9;9.9;9.9
318;0;0.0;0.0;4.4;711592;1907212;29;3.9;19;9.0;10;7.0;17;11;6.0;10;8.0
319;0;0.0;0.0;4.4;711592;1907212;29;4.0;19;9.9;9.9;6.9;17;11;5.9;9.9;9.9
320;0;0.0;0.0;4.4;711592;1907212;29;3.9;19;8.9;12;7.9;16;11;5.9;8.9;7.9
321;0;0.0;0.0;4.4;711592;1907212;29;4.0;19;9.9;13;6.9;16;9.9;4.9;9.9;7.9
322;0;0.0;0.0;4.4;711592;1907212;29;3.8;19;10;8.0;7.0;16;11;8.0;9.0;9.0
323;0;0.0;0.0;4.4;711592;1907212;30;4.0;19;9.9;7.9;8.9;18;11;7.9;9.9;11
324;0;0.0;0.0;4.4;711592;1907212;30;4.0;19;9.9;6.9;7.9;16;11;6.9;9.9;13
325;0;0.0;0.0;4.4;711592;1907212;29;3.9;19;9.0;9.0;9.0;17;10;6.0;10;10
326;0;0.0;0.0;4.4;711592;1907212;29;4.0;19;9.0;12;8.0;18;10;6.0;9.0;9.0
327;0;0.0;0.0;4.4;711592;1907212;29;4.0;19;10;10;7.0;16;11;8.0;10;8.0
328;0;0.0;0.0;4.4;711592;1907212;30;3.9;19;8.9;8.9;7.9;17;9.9;6.9;8.9;9.9
329;0;0.0;0.0;4.4;711592;1907212;30;3.8;19;9.9;7.9;7.9;17;9.9;4.9;8.9;11
330;0;0.0;0.0;4.4;711592;1907212;30;3.6;19;10;7.0;7.0;19;10;6.0;9.0;12
331;0;0.0;0.0;4.4;711592;1907212;30;3.9;19;9.0;6.0;7.0;17;10;6.0;8.0;12
332;0;0.0;0.0;4.4;711592;1907212;30;3.8;19;9.9;5.9;6.9;17;9.9;6.9;8.9;12
333;1;0.0;5090.909180;4.4;711592;1907212;30;3.9;19;8.9;7.9;7.9;16;11;7.9;8.9;9.9
334;0;0.0;0.0;4.4;711592;1907212;29;3.9;19;11;7.9;7.9;16;13;8.9;8.9;9.9
335;0;0.0;0.0;4.4;711592;1907212;30;3.8;19;9.0;5.0;7.0;17;11;6.0;9.0;13
336;0;0.0;0.0;4.4;711592;1907212;30;3.9;19;9.9;3.9;7.9;17;11;5.9;8.9;15
337;0;0.0;0.0;4.4;711592;1907212;30;3.9;19;10;7.0;7.0;16;11;8.0;8.0;11
338;0;0.0;0.0;4.4;711592;1907212;30;3.8;19;9.9;5.9;6.9;16;12;7.9;8.9;11
339;0;0.0;0.0;4.4;711592;1907212;30;3.9;19;9.0;6.0;7.0;17;11;5.0;9.0;13
340;0;0.0;0.0;4.4;711592;1907212;30;3.8;19;10;8.0;7.0;17;11;8.0;8.0;10
341;0;0.0;0.0;4.4;711592;1907212;30;3.9;19;9.9;7.9;6.9;17;12;5.9;8.9;11
342;0;0.0;0.0;4.4;711592;1907212;29;3.9;19;9.0;6.0;7.0;16;12;8.0;9.0;11
343;0;0.0;0.0;4.4;711592;1907212;29;3.9;19;9.9;5.9;7.9;16;12;7.9;8.9;9.9
344;0;0.0;0.0;4.4;711592;1907212;29;3.9;19;10;6.0;8.0;19;12;6.0;9.0;13
345;0;0.0;0.0;4.4;711592;1907212;29;4.0;19;8.9;8.9;7.9;16;11;6.9;9.9;9.9
346;0;0.0;0.0;4.4;711592;1907212;30;3.9;19;10;5.0;8.0;17;11;5.0;9.0;15
347;0;0.0;0.0;4.4;711592;1907212;29;3.6;19;8.9;3.9;6.9;18;11;3.9;8.9;16
348;0;0.0;0.0;4.4;711592;1907212;29;3.9;19;10;5.0;6.0;18;11;5.0;9.0;16
349;0;0.0;0.0;4.4;711592;1907212;29;3.8;19;9.9;4.9;6.9;17;12;4.9;7.9;15
350;0;0.0;0.0;4.4;711592;1907212;30;3.6;19;9.0;5.0;7.0;18;11;5.0;9.0;16
351;0;0.0;0.0;4.4;711592;1907212;29;3.9;19;9.0;4.0;6.0;18;12;4.0;8.0;15
352;0;0.0;0.0;4.4;711592;1907212;29;3.6;19;10;5.0;7.0;17;11;5.0;9.0;15
353;0;0.0;0.0;4.4;711592;1907212;30;4.0;19;8.9;4.9;6.9;18;11;6.9;8.9;15
354;0;0.0;0.0;4.4;711592;1907212;30;3.9;19;11;8.9;5.9;16;11;5.9;7.9;7.9
355;0;0.0;0.0;4.4;711592;1907212;29;3.9;19;10;6.0;8.0;18;13;6.0;9.0;11
356;0;0.0;0.0;4.4;711592;1907212;29;3.9;19;9.9;7.9;7.9;17;11;7.9;9.9;9.9
357;0;0.0;0.0;4.4;711592;1907212;29;4.0;19;10;6.0;7.0;19;11;5.0;9.0;12
358;0;0.0;0.0;4.4;711592;1907212;29;3.8;19;9.0;5.0;7.0;18;11;6.0;9.0;12
359;0;0.0;0.0;4.4;711592;1907212;29;3.9;19;9.9;8.9;6.9;18;11;5.9;7.9;8.9
360;0;0.0;0.0;4.4;711592;1907212;29;3.8;19;9.9;5.9;6.9;17;11;4.9;7.9;14
361;0;0.0;0.0;4.4;711592;1907212;29;3.9;19;9.0;5.0;7.0;17;12;5.0;9.0;15
362;1;6529.729492;51632.433594;4.4;711592;1907212;29;3.9;19;10;7.0;8.0;17;12;6.0;9.0;13
363;1;332128.000000;481864.000000;4.4;711592;1907212;29;4.5;19;12;10;9.0;18;12;8.0;8.0;9.0
364;1;328008.000000;543464.000000;4.4;711592;1907212;29;4.4;19;12;9.9;8.9;19;15;9.9;9.9;16
365;1;189856.000000;327032.000000;4.4;711592;1907212;29;4.5;19;12;9.0;9.0;17;13;8.0;8.0;11
366;1;91072.000000;145672.000000;4.4;711592;1907212;29;4.1;19;12;7.9;7.9;16;12;7.9;7.9;8.9
367;1;93616.000000;259800.000000;4.4;711592;1907212;29;4.4;19;13;9.0;9.0;17;12;8.0;7.0;9.0
368;1;14032.000000;7776.000000;4.4;711592;1907212;29;3.9;19;11;8.0;8.0;16;12;8.0;8.0;10
369;1;168;4136.000000;4.4;711592;1907212;29;3.9;19;11;5.9;7.9;16;12;8.9;6.9;8.9
370;1;112;3240.000000;4.4;711592;1907212;29;3.8;19;12;6.9;7.9;16;11;9.9;6.9;8.9
371;1;56;3240.000000;4.4;711592;1907212;29;4.0;19;11;6.0;9.0;16;12;8.0;8.0;11
372;1;56;4392.000000;4.4;711592;1907212;29;4.0;19;12;8.9;7.9;16;9.9;7.9;6.9;8.9
373;1;56;4392.000000;4.4;711592;1907212;29;3.9;19;14;6.9;8.9;17;8.9;9.9;5.9;7.9
374;1;56;4264.000000;4.4;711592;1907212;29;3.9;19;14;9.0;8.0;16;8.0;7.0;8.0;9.0
375;1;56;4264.000000;4.4;711592;1907212;29;3.9;19;14;6.9;8.9;15;8.9;8.9;6.9;8.9
376;1;56;4264.000000;4.4;711592;1907212;29;4.1;19;15;9.9;12;20;8.9;11;12;11
377;1;112;8528.000000;4.4;711592;1907212;29;4.1;19;14;7.0;10;17;9.0;10;8.0;9.0
378;1;56;4264.000000;4.4;711592;1907212;30;3.9;19;14;6.0;9.0;16;9.0;10;7.0;9.0
379;1;672;13048.000000;4.4;711592;1907212;30;4.0;19;14;6.9;8.9;16;7.9;8.9;6.9;9.9
380;1;2016.000000;16456.000000;4.4;711592;1907212;30;3.8;19;15;7.9;7.9;16;7.9;8.9;7.9;7.9
381;1;56;5432.000000;4.4;711592;1907212;30;3.9;19;14;7.0;8.0;16;9.0;10;7.0;8.0
382;1;56;3240.000000;4.4;711592;1907212;30;3.8;19;14;7.9;7.9;16;8.9;8.9;5.9;8.9
383;1;56;5432.000000;4.4;711592;1907212;30;4.0;19;14;7.0;8.0;15;7.0;9.0;8.0;9.0
384;1;0.0;0.0;4.4;711592;1907212;30;4.0;19;15;7.0;9.0;19;9.0;11;7.0;9.0
385;0;0.0;0.0;4.4;711592;1907212;30;4.0;19;15;9.0;10;18;9.0;8.0;7.0;8.0
386;0;0.0;0.0;4.4;711592;1907212;29;3.8;19;14;7.9;7.9;17;7.9;5.9;7.9;12
387;0;0.0;0.0;4.4;711592;1907212;29;3.9;19;14;11;9.0;16;9.0;7.0;8.0;12
388;0;0.0;0.0;4.4;711592;1907212;29;3.8;19;13;8.9;8.9;17;8.9;5.9;6.9;8.9
389;0;0.0;0.0;4.4;711592;1907212;29;3.8;19;13;6.9;8.9;16;8.9;8.9;6.9;9.9
390;0;0.0;0.0;4.4;711592;1907212;29;4.0;19;14;5.9;7.9;17;8.9;8.9;7.9;9.9
391;0;0.0;0.0;4.4;711592;1907212;29;3.9;19;14;9.0;10;17;9.0;7.0;7.0;9.0
392;0;0.0;0.0;4.4;711592;1907212;29;3.9;19;12;8.9;8.9;17;7.9;5.9;7.9;9.9
393;0;0.0;0.0;4.4;711592;1907212;29;3.8;19;13;6.0;9.0;19;10;5.0;8.0;10
394;0;0.0;0.0;4.4;711592;1907212;29;3.8;19;13;4.0;9.0;20;9.0;5.0;8.0;11
395;0;0.0;0.0;4.4;711592;1907212;29;3.9;19;13;6.9;8.9;16;9.9;9.9;6.9;8.9
396;0;0.0;0.0;4.4;711592;1907212;29;4.1;19;14;6.9;9.9;17;8.9;9.9;7.9;8.9
397;0;0.0;0.0;4.4;711592;1907212;29;3.9;19;12;8.0;10;17;10;7.0;8.0;9.0
398;0;0.0;0.0;4.4;711592;1907212;29;4.0;19;13;5.9;9.9;19;9.9;5.9;7.9;11
399;0;0.0;0.0;4.4;711592;1907212;30;4.0;19;13;5.0;10;20;10;4.0;8.0;11
400;0;0.0;0.0;4.4;711592;1907212;29;4.0;19;13;9.0;10;16;9.0;8.0;8.0;8.0
401;0;0.0;0.0;4.4;711592;1907212;29;4.0;19;14;7.9;8.9;17;8.9;6.9;7.9;8.9
402;0;0.0;0.0;4.4;711592;1907212;29;4.0;19;12;9.0;9.0;18;9.0;8.0;8.0;10
403;0;0.0;0.0;4.4;711592;1907212;29;3.8;19;12;7.0;9.0;18;9.0;7.0;7.0;10
404;0;0.0;0.0;4.4;711592;1907212;29;3.9;19;12;9.9;8.9;16;8.9;7.9;6.9;7.9
405;0;0.0;0.0;4.4;711592;1907212;29;3.8;19;13;7.0;8.0;17;8.0;9.0;8.0;9.0
406;0;0.0;0.0;4.4;711592;1907212;29;3.9;19;14;8.0;9.0;17;9.0;9.0;8.0;9.0
407;0;0.0;0.0;4.4;711592;1907212;29;3.8;19;14;7.0;7.0;17;9.0;7.0;8.0;12
408;0;0.0;0.0;4.4;711592;1907212;30;3.8;19;15;6.9;8.9;20;11;5.9;8.9;12
409;0;0.0;0.0;4.4;711592;1907212;30;3.8;19;14;7.0;9.0;18;10;7.0;9.0;11
410;0;0.0;0.0;4.4;711592;1907212;30;3.8;19;14;8.9;8.9;17;9.9;7.9;6.9;11
411;0;0.0;0.0;4.4;711592;1907212;30;3.6;19;13;4.9;8.9;17;8.9;4.9;7.9;14
412;0;0.0;0.0;4.4;711592;1907212;30;3.6;19;13;4.9;7.9;19;8.9;3.9;6.9;11
413;0;0.0;0.0;4.4;711592;1907212;30;3.8;19;14;10;8.0;16;8.0;7.0;7.0;9.0
414;0;0.0;0.0;4.4;711592;1907212;30;3.9;19;15;12;12;17;11;9.0;14;10
415;0;0.0;0.0;4.4;711592;1907212;30;3.9;19;13;6.9;8.9;17;8.9;4.9;8.9;12
416;0;0.0;0.0;4.4;711592;1907212;30;4.0;19;13;5.9;8.9;18;9.9;8.9;7.9;8.9
417;0;0.0;0.0;4.4;711592;1907212;30;3.9;19;13;9.0;9.0;16;9.0;10;7.0;8.0
418;0;0.0;0.0;4.4;711592;1907212;30;3.8;19;14;11;8.0;17;9.0;7.0;7.0;9.0
419;0;0.0;0.0;4.4;711592;1907212;30;3.9;19;14;7.9;9.9;17;9.9;6.9;7.9;8.9
420;0;0.0;0.0;4.4;711592;1907212;30;4.1;19;18;9.0;12;23;17;9.0;15;14
421;0;0.0;0.0;4.4;711592;1907212;30;4.1;19;16;9.9;12;20;17;8.9;14;14
422;0;0.0;0.0;4.4;711592;1907212;30;4.1;19;17;8.0;11;22;17;8.0;16;13
423;0;0.0;0.0;4.4;711592;1907212;30;4.0;19;16;7.9;12;21;17;8.9;15;14
424;0;0.0;0.0;4.4;711592;1907212;30;4.1;19;16;10;12;21;17;10;15;13
425;0;0.0;0.0;4.4;711592;1907212;30;4.0;19;15;5.9;9.9;21;16;6.9;14;12
426;1;500512.531250;57060.382812;4.4;711592;1907212;30;4.3;19;16;7.9;9.9;18;12;6.9;9.9;11
427;1;25029320.000000;547008.000000;4.4;711592;1907212;30;8.1;19;24;11;14;21;14;13;13;20
428;1;29837496.000000;582848.000000;4.4;711592;1907212;30;10;19;28;19;13;23;14;14;14;23
429;1;30960152.000000;597168.000000;4.4;711592;1907212;30;8.6;19;27;13;12;22;15;12;14;21
430;1;25331880.000000;540624.000000;4.4;711592;1907212;30;8.1;19;24;12;12;21;14;12;12;20
431;1;27521584.000000;573704.000000;4.4;711592;1907212;30;8.1;19;27;12;12;19;14;17;12;19
432;1;23942208.000000;456192.000000;4.4;711592;1907212;30;7.9;19;25;12;11;22;14;11;11;19
433;1;15090096.000000;373984.000000;4.4;711592;1907212;30;6.4;19;21;12;9.9;18;9.9;8.9;9.9;15
434;1;37577712.000000;749032.000000;4.4;711592;1907212;30;9.0;19;28;14;14;23;15;11;13;22
435;1;3461072.000000;215504.000000;4.4;711592;1907212;30;4.2;19;14;9.0;8.0;16;9.0;7.0;8.0;10
436;1;8520.000000;45728.000000;4.4;711592;1907212;30;3.8;19;14;7.0;8.0;17;8.0;18;12;9.0
437;1;112;8656.000000;4.4;711592;1907212;30;3.8;19;13;7.9;8.9;16;7.9;8.9;6.9;7.9
438;1;112;0.0;4.4;711592;1907212;30;4.0;19;14;8.9;8.9;16;8.9;7.9;6.9;8.9
439;1;112;8784.000000;4.4;711592;1907212;30;3.9;19;14;6.9;7.9;17;7.9;9.9;6.9;7.9
440;1;0.0;0.0;4.4;711592;1907212;30;3.9;19;14;6.9;8.9;16;7.9;11;6.9;7.9
441;1;112;8656.000000;4.4;711592;1907212;30;3.9;19;14;7.0;9.0;15;9.0;9.0;7.0;7.0
442;1;0.0;0.0;4.4;711592;1907212;30;3.9;19;14;8.0;9.0;17;8.0;9.0;6.0;9.0
443;1;112;8528.000000;4.4;711592;1907212;30;4.0;19;14;9.0;8.0;17;8.0;7.0;7.0;9.0
444;1;0.0;0.0;4.4;711592;1907212;30;3.9;19;15;11;8.9;16;8.9;7.9;6.9;7.9
445;1;112;8528.000000;4.4;711592;1907212;30;3.9;19;14;11;7.9;17;7.9;5.9;5.9;7.9
446;1;11184.000000;53936.000000;4.4;711592;1907212;30;4.0;19;15;9.0;9.0;16;9.0;9.0;8.0;8.0
447;1;39352.000000;110248.000000;4.4;711592;1907212;30;4.0;19;14;6.9;8.9;16;7.9;9.9;6.9;7.9
448;1;156184.000000;330504.000000;4.4;711592;1907212;30;4.5;19;15;9.0;9.0;17;10;9.0;9.0;10
449;1;3720.000000;52704.000000;4.4;711592;1907212;30;3.9;19;14;7.9;7.9;16;7.9;8.9;5.9;7.9
450;1;2920.000000;13176.000000;4.4;711592;1907212;30;3.8;19;14;9.0;8.0;16;8.0;9.0;7.0;8.0
451;1;58848.000000;50992.000000;4.4;711592;1907212;30;4.0;19;14;8.0;9.0;16;10;8.0;7.0;8.0
452;1;3728.000000;22016.000000;4.4;711592;1907212;30;3.8;19;14;9.0;8.0;16;9.0;7.0;7.0;8.0
453;1;10368.000000;46232.000000;4.4;711592;1907212;30;4.0;19;14;8.9;7.9;17;7.9;7.9;6.9;7.9
454;1;24144.000000;90136.000000;4.4;711592;1907212;30;3.9;19;13;11;8.0;15;9.0;8.0;8.0;8.0
455;1;7936.000000;35640.000000;4.4;711592;1907212;30;3.8;19;12;11;7.9;15;7.9;6.9;6.9;8.9
456;1;0.0;0.0;4.4;711592;1907212;30;3.9;19;13;11;8.0;16;8.0;7.0;7.0;8.0
457;1;10816120.000000;439224.000000;4.4;711592;1907212;30;5.8;19;19;12;10;18;10;10;8.0;13
458;1;40917784.000000;660488.000000;4.4;711592;1907212;30;9.3;19;29;15;13;23;15;13;14;22
459;1;45645700.000000;724468.437500;4.4;711592;1907212;30;9.5;19;29;13;14;23;16;15;14;24
460;1;47954432.000000;739344.000000;4.4;711592;1907212;30;9.5;19;31;13;14;23;14;15;13;23
461;1;26275608.000000;517256.000000;4.4;711592;1907212;30;8.1;19;25;12;12;20;14;11;12;21
462;1;17658728.000000;459272.000000;4.4;711592;1907212;30;7.1;19;22;9.9;12;19;12;12;11;17
463;1;34347312.000000;655312.000000;4.4;711592;1907212;30;10;19;29;12;13;22;14;20;14;23
464;1;35389992.000000;739344.000000;4.4;711592;1907212;30;8.6;19;27;13;12;22;14;14;13;21
465;1;39065608.000000;768192.000000;4.4;711592;1907212;30;9.0;19;29;13;13;22;15;14;14;21
466;1;43266848.000000;905896.000000;4.4;711592;1907212;30;9.5;19;30;13;13;22;16;14;14;23
467;1;30748888.000000;623464.000000;4.4;711592;1907212;30;9.0;19;28;12;13;22;15;13;24;22
468;1;11597008.000000;386248.000000;4.4;711592;1907212;30;7.1;19;22;9.9;9.9;19;12;11;12;17
469;1;11519216.000000;332272.000000;4.4;711592;1907212;30;7.0;19;22;10;10;19;12;10;11;17
470;1;10292280.000000;335008.000000;4.4;711592;1907212;30;6.9;19;22;9.9;11;18;11;8.9;11;17
471;1;29022240.000000;606840.000000;4.4;711592;1907212;30;8.4;19;26;12;12;21;14;13;12;20
472;1;19582112.000000;417664.000000;4.4;711592;1907212;30;6.8;19;21;9.9;11;21;13;9.9;11;16
473;1;47616.000000;172560.000000;4.4;711592;1907212;30;4.1;19;14;7.9;6.9;16;6.9;8.9;8.9;8.9
474;1;7072.000000;45208.000000;4.4;711592;1907212;30;3.9;19;12;6.9;7.9;17;11;8.9;7.9;7.9
475;1;7312.000000;33400.000000;4.4;711592;1907212;30;3.9;19;14;6.9;6.9;16;7.9;9.9;7.9;7.9
476;1;154976.000000;281072.000000;4.4;711592;1907212;30;4.3;19;14;7.9;7.9;16;8.9;9.9;8.9;8.9
477;1;40888.000000;92720.000000;4.4;711592;1907212;30;3.9;19;13;8.0;8.0;16;9.0;9.0;8.0;9.0
478;1;7112.000000;34368.000000;4.4;711592;1907212;30;3.9;19;13;6.0;8.0;17;8.0;11;8.0;8.0
479;1;1800.000000;21448.000000;4.4;711592;1907212;30;3.8;19;12;7.9;6.9;16;7.9;9.9;6.9;7.9
480;1;6112.000000;44032.000000;4.4;711592;1907212;30;3.9;19;13;7.0;7.0;16;8.0;10;9.0;8.0
481;1;56;4264.000000;4.4;711592;1907212;30;3.8;19;13;7.0;8.0;15;8.0;11;8.0;7.0
482;1;4752.000000;27832.000000;4.4;711592;1907212;30;4.0;19;13;6.9;6.9;18;7.9;8.9;7.9;8.9
483;1;17080.000000;26592.000000;4.4;711592;1907212;30;4.2;19;15;9.0;13;20;10;13;11;24
484;1;2720.000000;0.0;4.4;711592;1907212;30;4.2;19;12;9.0;8.0;18;9.0;6.0;10;9.0
485;1;808;0.0;4.4;711592;1907212;30;4.1;19;14;6.0;7.0;17;9.0;9.0;9.0;9.0
486;1;656;0.0;4.4;711592;1907212;30;4.1;19;14;6.9;8.9;20;9.9;8.9;11;9.9
487;1;5205.240234;3737.991211;4.4;711592;1907212;30;4.3;19;14;7.9;8.9;17;7.9;8.9;9.9;8.9
488;0;0.0;0.0;4.4;711592;1907212;30;3.9;19;12;7.0;8.0;17;9.0;7.0;8.0;11
489;1;0.0;727;4.4;711592;1907212;30;4.0;19;13;8.9;8.9;17;8.9;9.9;11;9.9
490;1;3169.811279;28410.902344;4.4;711592;1907212;30;4.1;19;13;6.9;8.9;20;11;5.9;8.9;11
491;1;6096.000000;38912.000000;4.4;711592;1907212;30;4.0;19;12;8.0;7.0;16;9.0;9.0;8.0;9.0
492;1;65585.585938;244124.125000;4.4;711592;1907212;30;4.5;19;15;8.9;9.9;17;8.9;7.9;8.9;9.9
493;1;7024.000000;15240.000000;4.4;711592;1907212;30;4.1;19;12;8.0;8.0;17;10;9.0;10;9.0
494;1;2512.000000;3280.000000;4.4;711592;1907212;30;4.0;19;12;7.9;6.9;17;8.9;8.9;7.9;7.9
495;1;12715808.000000;550592.000000;4.4;711592;1907212;30;6.8;19;20;11;12;19;12;8.9;11;18
496;1;19950984.000000;490416.000000;4.4;711592;1907212;30;7.8;19;24;11;12;19;13;11;12;19
497;1;13220112.000000;360104.000000;4.4;711592;1907212;30;7.1;19;22;9.9;12;19;13;11;11;18
498;1;725112.000000;118208.000000;4.4;711592;1907212;30;5.5;19;19;9.0;13;17;10;9.0;11;14
499;1;1456712.000000;136216.000000;4.4;711592;1907212;30;5.8;19;17;8.9;7.9;17;11;8.9;8.9;14
500;1;3184464.000000;224696.000000;4.4;711592;1907212;30;6.0;19;19;9.0;10;17;11;10;8.0;15
501;1;7957368.000000;291888.000000;4.4;711592;1907212;30;6.2;19;20;10;9.0;19;11;9.0;10;16
502;1;9525816.000000;285872.000000;4.4;711592;1907212;30;6.5;19;21;8.9;9.9;19;12;9.9;9.9;15
503;1;9373536.000000;287664.000000;4.4;711592;1907212;30;6.4;19;22;10;10;18;11;10;10;16
504;1;7774872.000000;304664.000000;4.4;711592;1907212;30;6.4;19;20;9.0;10;17;12;10;9.0;15
505;1;9178608.000000;276888.000000;4.4;711592;1907212;30;6.4;19;21;8.9;9.9;19;12;9.9;9.9;16
506;1;9912072.000000;333176.000000;4.4;711592;1907212;30;6.5;19;22;8.9;8.9;18;12;9.9;11;16
507;1;8773032.000000;303544.000000;4.4;711592;1907212;30;6.5;19;21;9.9;11;18;12;9.9;9.9;15
508;1;7805520.000000;265400.000000;4.4;711592;1907212;30;6.4;19;20;9.0;9.0;17;12;10;10;16
509;1;5739048.000000;278184.000000;4.4;711592;1907212;30;6.1;19;20;8.9;9.9;19;9.9;9.9;9.9;15
510;1;2160336.000000;247016.000000;4.4;711592;1907212;30;5.0;19;16;9.0;8.0;17;10;9.0;7.0;11
511;1;32288.000000;83816.000000;4.4;711592;1907212;30;4.1;19;15;7.9;12;18;9.9;9.9;17;11
512;1;744;17568.000000;4.4;711592;1907212;30;4.0;19;12;9.0;9.0;19;8.0;6.0;7.0;11
513;1;15728.000000;45856.000000;4.4;711592;1907212;30;4.1;19;13;9.0;9.0;17;10;7.0;8.0;9.0
514;1;150912.000000;318912.000000;4.4;711592;1907212;30;4.5;19;14;7.9;9.9;18;9.9;7.9;7.9;9.9
515;1;43184.000000;76592.000000;4.4;711592;1907212;30;4.0;19;14;8.0;9.0;16;9.0;8.0;7.0;10
516;1;9616.000000;48312.000000;4.4;711592;1907212;30;4.0;19;13;7.0;9.0;17;10;7.0;8.0;9.0
517;1;6392.000000;39528.000000;4.4;711592;1907212;30;4.0;19;14;7.9;8.9;17;8.9;7.9;7.9;8.9
518;1;5632.000000;44160.000000;4.4;711592;1907212;30;4.1;19;14;8.0;8.0;16;9.0;9.0;7.0;8.0
519;1;56;4392.000000;4.4;711592;1907212;30;3.9;19;14;7.0;9.0;16;8.0;11;7.0;9.0
520;1;4488.000000;24448.000000;4.4;711592;1907212;30;4.1;19;15;7.9;9.9;16;8.9;8.9;7.9;8.9
521;1;25752.000000;129352.000000;4.4;711592;1907212;30;4.4;19;14;7.0;11;17;9.0;9.0;9.0;10
522;1;18232.000000;84048.000000;4.4;711592;1907212;30;4.0;19;14;8.0;9.0;17;8.0;8.0;8.0;9.0
523;1;1336.000000;29376.000000;4.4;711592;1907212;30;3.9;19;14;6.9;8.9;15;8.9;9.9;6.9;8.9
524;1;7417160.000000;453680.000000;4.4;711592;1907212;30;6.1;19;20;9.0;11;18;11;10;10;14
525;1;6638072.000000;321304.000000;4.4;711592;1907212;30;6.4;19;20;8.9;8.9;19;12;8.9;11;16
526;1;1677416.000000;235296.000000;4.4;711592;1907212;30;5.9;19;20;8.0;10;17;11;9.0;10;13
527;1;3477472.000000;284216.000000;4.4;711592;1907212;30;6.2;19;20;10;10;19;12;8.0;9.0;15
528;1;5110832.000000;267408.000000;4.4;711592;1907212;30;6.5;19;21;8.9;19;19;11;13;9.9;16
529;0;0.0;0.0;4.4;711592;1907212;30;4.6;19;17;6.9;11;20;14;8.9;11;12
530;0;0.0;0.0;4.4;711592;1907212;30;3.9;19;17;7.0;10;21;13;7.0;13;12
531;0;0.0;0.0;4.4;711592;1907212;30;4.1;19;16;9.0;12;21;17;9.0;14;12
532;0;0.0;0.0;4.4;711592;1907212;30;3.9;19;17;6.9;9.9;22;17;11;14;13
533;0;0.0;0.0;4.4;711592;1907212;30;4.0;19;17;8.0;11;22;15;10;14;13
534;0;0.0;0.0;4.4;711592;1907212;30;4.0;19;17;7.0;11;23;16;9.0;15;13
535;0;0.0;0.0;4.4;711592;1907212;30;3.9;19;17;7.9;11;22;16;7.9;14;13
536;1;0.0;0.0;4.4;711592;1907212;31;3.9;19;17;8.0;13;22;16;7.0;13;12
537;1;0.0;0.0;4.4;711592;1907212;31;4.0;19;12;4.9;8.9;20;9.9;4.9;8.9;11
538;1;0.0;0.0;4.4;711592;1907212;30;4.0;19;13;7.0;8.0;17;9.0;10;9.0;11
539;0;0.0;0.0;4.4;711592;1907212;30;4.0;19;14;7.9;8.9;19;9.9;8.9;9.9;11
540;0;0.0;0.0;4.4;711592;1907212;30;3.9;19;13;8.0;8.0;17;10;7.0;9.0;9.0
541;0;0.0;0.0;4.4;711592;1907212;30;3.9;19;12;7.0;7.0;17;10;7.0;9.0;9.0
542;0;0.0;0.0;4.4;711592;1907212;31;4.0;19;12;7.0;8.0;18;10;7.0;10;9.0
543;0;0.0;0.0;4.4;711592;1907212;30;3.9;19;14;4.9;7.9;20;8.9;5.9;7.9;9.9
544;0;0.0;0.0;4.4;711592;1907212;31;3.9;19;14;8.0;9.0;19;11;6.0;10;10
545;0;0.0;0.0;4.4;711592;1907212;31;3.8;19;13;5.9;7.9;18;9.9;6.9;7.9;7.9
546;0;0.0;0.0;4.4;711592;1907212;31;3.8;19;12;6.0;7.0;19;10;7.0;8.0;11
547;0;0.0;0.0;4.4;711592;1907212;30;3.8;19;13;5.9;7.9;19;9.9;5.9;7.9;7.9
548;0;0.0;0.0;4.4;711592;1907212;30;3.9;19;13;8.0;8.0;18;9.0;6.0;9.0;10
549;0;0.0;0.0;4.4;711592;1907212;31;4.0;19;13;7.0;7.0;19;10;7.0;9.0;8.0
550;0;0.0;0.0;4.4;711592;1907212;31;3.9;19;14;5.9;7.9;18;9.9;6.9;7.9;8.9
551;0;0.0;0.0;4.4;711592;1907212;31;3.8;19;13;7.0;8.0;18;10;8.0;9.0;8.0
552;0;0.0;0.0;4.4;711592;1907212;31;3.8;19;13;5.9;6.9;19;9.9;6.9;7.9;7.9
553;0;0.0;0.0;4.4;711592;1907212;31;3.8;19;15;7.0;10;20;12;7.0;9.0;10
554;0;0.0;0.0;4.4;711592;1907212;31;4.0;19;18;7.9;15;24;16;12;9.9;12
555;0;0.0;0.0;4.4;711592;1907212;31;4.0;19;17;6.9;15;24;16;12;9.9;14
556;0;0.0;0.0;4.4;711592;1907212;31;4.0;19;17;8.0;14;22;16;8.0;11;12
557;0;0.0;0.0;4.4;711592;1907212;31;3.9;19;16;6.9;12;23;16;7.9;15;13
558;0;0.0;0.0;4.4;711592;1907212;31;4.1;19;17;8.0;10;20;16;8.0;15;12
559;0;0.0;0.0;4.4;711592;1907212;31;4.0;19;18;9.9;11;20;25;9.9;15;12
560;0;0.0;0.0;4.4;711592;1907212;31;4.0;19;17;7.9;11;22;16;7.9;14;12
561;0;0.0;0.0;4.4;711592;1907212;31;3.9;19;17;7.9;9.9;23;17;7.9;15;13
562;0;0.0;0.0;4.4;711592;1907212;31;4.0;19;17;9.0;11;21;17;9.0;15;12
563;0;0.0;0.0;4.4;711592;1907212;31;4.0;19;17;6.9;11;22;16;6.9;14;13
564;0;0.0;0.0;4.4;711592;1907212;31;3.8;19;16;7.0;10;22;15;7.0;14;12
565;0;0.0;0.0;4.4;711592;1907212;31;4.0;19;16;7.9;11;22;15;8.9;14;12
566;0;0.0;0.0;4.4;711592;1907212;31;4.0;19;17;8.9;12;23;18;8.9;17;13
567;0;0.0;0.0;4.4;711592;1907212;31;4.0;19;18;9.0;12;23;18;9.0;15;13
568;0;0.0;0.0;4.4;711592;1907212;31;4.0;19;18;8.9;11;20;17;9.9;14;12
569;0;0.0;0.0;4.4;711592;1907212;31;3.9;19;13;6.9;8.9;18;9.9;7.9;7.9;8.9
570;0;0.0;0.0;4.4;711592;1907212;31;3.6;19;12;8.0;8.0;18;9.0;8.0;7.0;8.0
571;0;0.0;0.0;4.4;711592;1907212;31;3.9;19;13;6.0;8.0;18;10;7.0;7.0;9.0
572;0;0.0;0.0;4.4;711592;1907212;31;3.8;19;13;7.9;8.9;18;9.9;7.9;7.9;8.9
573;0;0.0;0.0;4.4;711592;1907212;31;3.8;19;13;5.0;8.0;20;10;5.0;8.0;11
574;0;0.0;0.0;4.4;711592;1907212;31;3.9;19;11;8.9;8.9;20;7.9;5.9;7.9;8.9
575;0;0.0;0.0;4.4;711592;1907212;31;3.9;19;12;6.9;7.9;19;8.9;5.9;6.9;9.9
576;0;0.0;0.0;4.4;711592;1907212;31;3.8;19;13;8.0;8.0;17;10;9.0;8.0;8.0
577;0;0.0;0.0;4.4;711592;1907212;31;3.9;19;14;9.0;9.0;17;9.0;7.0;7.0;9.0
578;0;0.0;0.0;4.4;711592;1907212;31;3.9;19;13;6.9;8.9;17;8.9;6.9;7.9;8.9
579;0;0.0;0.0;4.4;711592;1907212;31;3.9;19;13;9.0;9.0;17;10;10;7.0;8.0
580;0;0.0;0.0;4.4;711592;1907212;31;3.8;19;14;10;8.0;16;8.0;8.0;8.0;8.0
581;0;0.0;0.0;4.4;711592;1907212;31;3.8;19;13;8.9;7.9;17;8.9;5.9;6.9;7.9
582;0;0.0;0.0;4.4;711592;1907212;31;4.1;19;15;9.0;11;22;15;8.0;11;12
583;0;0.0;0.0;4.4;711592;1907212;31;4.0;19;20;12;14;25;22;13;20;16
584;0;0.0;0.0;4.4;711592;1907212;31;4.5;19;28;19;22;27;27;15;26;17
585;0;0.0;0.0;4.4;711592;1907212;31;4.3;19;21;13;21;26;23;13;14;17
586;0;0.0;0.0;4.4;711592;1907212;31;4.2;19;22;12;22;25;24;13;13;15
587;0;0.0;0.0;4.4;711592;1907212;31;4.3;19;22;13;21;26;23;13;14;17
588;0;0.0;0.0;4.4;711592;1907212;31;4.3;19;22;13;22;26;24;13;13;16
589;0;0.0;0.0;4.4;711592;1907212;31;4.3;19;21;13;20;25;23;13;12;15
590;0;0.0;0.0;4.4;711592;1907212;31;4.4;19;23;26;22;26;27;21;16;17
591;0;0.0;0.0;4.4;711592;1907212;31;4.4;19;23;14;23;27;25;14;16;18
592;0;0.0;0.0;4.4;711592;1907212;31;4.5;19;24;15;25;26;25;14;14;18
593;0;0.0;0.0;4.4;711592;1907212;31;4.4;19;24;13;23;28;25;14;15;17
594;0;0.0;0.0;4.4;711592;1907212;31;4.5;19;24;16;23;26;24;16;16;17
595;0;0.0;0.0;4.4;711592;1907212;31;4.4;19;22;14;23;26;25;14;16;17
596;0;0.0;0.0;4.4;711592;1907212;31;4.4;19;22;13;23;27;25;14;14;17
597;0;0.0;0.0;4.4;711592;1907212;31;4.0;19;17;11;16;20;16;10;11;11
598;0;0.0;0.0;4.4;711592;1907212;31;4.0;19;14;7.9;7.9;18;9.9;7.9;9.9;8.9
599;0;0.0;0.0;4.4;711592;1907212;31;3.9;19;13;6.9;7.9;18;9.9;6.9;9.9;7.9
600;0;0.0;0.0;4.4;711592;1907212;31;4.1;19;15;9.0;19;28;11;9.0;9.0;9.0
601;0;0.0;0.0;4.4;711592;1907212;31;4.0;19;12;7.0;11;19;10;7.0;10;10
602;0;0.0;0.0;4.4;711592;1907212;31;4.0;19;13;7.9;7.9;19;9.9;4.9;9.9;7.9
603;0;0.0;0.0;4.4;711592;1907212;31;4.0;19;13;7.9;7.9;16;8.9;8.9;9.9;7.9
604;0;0.0;0.0;4.4;711592;1907212;31;4.0;19;13;7.0;8.0;19;10;9.0;9.0;8.0
605;0;0.0;0.0;4.4;711592;1907212;31;3.9;19;13;6.9;7.9;19;8.9;5.9;7.9;9.9
606;0;0.0;0.0;4.4;711592;1907212;31;3.6;19;13;7.0;7.0;17;8.0;8.0;9.0;9.0
607;0;0.0;0.0;4.4;711592;1907212;31;3.9;19;8.9;9.9;7.9;20;6.9;5.9;7.9;8.9
608;0;0.0;0.0;4.4;711592;1907212;31;3.9;19;14;12;6.9;16;8.9;4.9;8.9;7.9
609;0;0.0;0.0;4.4;711592;1907212;31;3.8;19;13;7.0;7.0;16;9.0;9.0;8.0;7.0
610;0;0.0;0.0;4.4;711592;1907212;31;4.0;19;13;8.9;7.9;18;9.9;5.9;8.9;7.9
611;0;0.0;0.0;4.4;711592;1907212;31;3.8;19;13;7.0;7.0;18;10;7.0;9.0;8.0
612;0;0.0;0.0;4.4;711592;1907212;31;3.9;19;13;8.0;7.0;16;9.0;8.0;9.0;8.0
613;0;0.0;0.0;4.4;711592;1907212;31;3.8;19;13;5.9;7.9;17;8.9;8.9;7.9;9.9
614;0;0.0;0.0;4.4;711592;1907212;31;3.8;19;13;10;7.0;16;9.0;8.0;8.0;7.0
615;1;7757.575684;1696.969727;4.4;711592;1907212;31;4.0;19;12;8.9;7.9;20;7.9;5.9;8.9;8.9
616;0;0.0;0.0;4.4;711592;1907212;31;4.0;19;12;11;8.0;18;10;5.0;9.0;9.0
617;0;0.0;0.0;4.4;711592;1907212;31;3.8;19;12;7.9;6.9;18;9.9;6.9;7.9;8.9
618;0;0.0;0.0;4.4;711592;1907212;31;4.0;19;12;8.0;7.0;17;10;8.0;9.0;8.0
619;1;4907.348145;62415.335938;4.4;711592;1907212;31;4.0;19;13;7.0;7.0;17;10;8.0;9.0;9.0
620;1;5952.000000;26352.000000;4.4;711592;1907212;31;3.9;19;12;7.9;6.9;17;9.9;8.9;7.9;7.9
621;1;1960.000000;20680.000000;4.4;711592;1907212;31;4.0;19;22;17;16;18;14;9.9;8.9;8.9
622;1;0.0;0.0;4.4;711592;1907212;31;3.9;19;12;10;7.0;16;11;7.0;9.0;8.0
623;1;0.0;0.0;4.4;711592;1907212;31;4.4;19;16;8.9;11;19;14;11;14;9.9
624;1;0.0;0.0;4.4;711592;1907212;31;4.1;19;14;9.0;8.0;17;9.0;7.0;11;8.0
625;1;0.0;0.0;4.4;711592;1907212;31;4.0;19;12;9.9;6.9;18;7.9;5.9;8.9;7.9
626;1;0.0;0.0;4.4;711592;1907212;31;4.0;19;12;6.0;7.0;17;10;10;9.0;9.0
627;1;0.0;0.0;4.4;711592;1907212;31;3.9;19;12;7.0;7.0;17;10;11;8.0;7.0
628;1;112;0.0;4.4;711592;1907212;31;3.9;19;14;8.9;6.9;17;8.9;6.9;8.9;7.9
629;1;56;0.0;4.4;711592;1907212;31;4.0;19;12;6.0;7.0;18;10;10;9.0;9.0
630;1;0.0;0.0;4.4;711592;1907212;31;4.0;19;13;7.0;8.0;16;10;8.0;8.0;8.0
631;1;0.0;0.0;4.4;711592;1907212;31;4.0;19;12;6.9;7.9;17;9.9;9.9;8.9;7.9
632;1;0.0;0.0;4.4;711592;1907212;31;3.9;19;12;6.0;8.0;19;11;6.0;9.0;8.0
633;1;0.0;0.0;4.4;711592;1907212;31;4.3;19;13;5.9;6.9;20;8.9;5.9;9.9;9.9
634;1;0.0;0.0;4.4;711592;1907212;31;4.0;19;14;11;8.0;17;11;6.0;9.0;8.0
635;1;0.0;0.0;4.4;711592;1907212;31;4.1;19;12;9.0;7.0;17;10;6.0;10;7.0
636;1;0.0;0.0;4.4;711592;1907212;31;4.1;19;13;7.9;7.9;18;11;5.9;9.9;8.9
637;1;0.0;0.0;4.4;711592;1907212;31;4.1;19;13;5.9;7.9;20;9.9;5.9;9.9;8.9
638;1;0.0;0.0;4.4;711592;1907212;31;4.0;19;13;6.9;6.9;17;8.9;8.9;8.9;8.9
639;1;0.0;0.0;4.4;711592;1907212;31;4.0;19;14;6.0;7.0;17;9.0;9.0;9.0;8.0
640;1;0.0;0.0;4.4;711592;1907212;31;3.8;19;14;8.0;7.0;17;8.0;9.0;9.0;8.0
641;1;0.0;0.0;4.4;711592;1907212;31;4.0;19;13;8.0;6.0;17;10;8.0;8.0;9.0
642;1;0.0;0.0;4.4;711592;1907212;31;4.0;19;14;8.9;6.9;16;7.9;7.9;8.9;6.9
643;1;656;0.0;4.4;711592;1907212;31;4.0;19;13;6.9;6.9;17;11;8.9;8.9;7.9
644;1;7950.617188;23604.937500;4.4;711592;1907212;31;4.0;19;13;6.9;6.9;19;9.9;6.9;8.9;8.9
645;1;1296.000000;6520.000000;4.4;711592;1907212;31;4.1;19;14;8.0;7.0;17;8.0;7.0;9.0;9.0
646;1;0.0;0.0;4.4;711592;1907212;31;3.9;19;13;7.9;6.9;17;9.9;7.9;7.9;7.9
647;1;0.0;0.0;4.4;711592;1907212;31;4.0;19;13;7.9;7.9;17;9.9;7.9;8.9;7.9
648;1;0.0;0.0;4.4;711592;1907212;31;4.0;19;14;8.0;7.0;17;8.0;11;9.0;7.0
649;1;56;0.0;4.4;711592;1907212;31;3.9;19;14;7.9;6.9;18;9.9;6.9;8.9;7.9
650;1;0.0;0.0;4.4;711592;1907212;31;3.9;19;12;8.9;6.9;17;8.9;6.9;8.9;7.9
651;1;112;0.0;4.4;711592;1907212;31;4.0;19;13;8.0;8.0;18;11;8.0;9.0;9.0
652;1;0.0;0.0;4.4;711592;1907212;31;4.1;19;13;7.9;6.9;17;9.9;8.9;8.9;7.9
653;1;0.0;0.0;4.4;711592;1907212;31;4.0;19;13;7.9;7.9;19;9.9;6.9;9.9;8.9
654;1;0.0;0.0;4.4;711592;1907212;31;4.0;19;14;11;8.0;17;8.0;7.0;9.0;9.0
655;1;0.0;0.0;4.4;711592;1907212;31;3.9;19;14;10;7.0;17;9.0;7.0;8.0;8.0
656;1;0.0;0.0;4.4;711592;1907212;31;4.5;19;21;29;13;23;20;22;15;20
657;1;0.0;0.0;4.4;711592;1907212;31;4.6;19;25;35;23;25;18;12;14;27
658;1;0.0;0.0;4.4;711592;1907212;31;4.3;19;13;7.9;11;19;11;6.9;9.9;9.9
659;1;0.0;0.0;4.4;711592;1907212;31;4.4;19;13;9.0;15;22;11;7.0;11;9.0
660;1;0.0;0.0;4.4;711592;1907212;31;4.0;19;14;7.0;7.0;20;10;11;10;9.0
661;1;392;0.0;4.4;711592;1907212;31;4.5;19;13;6.9;13;21;9.9;9.9;11;9.9
662;1;0.0;0.0;4.4;711592;1907212;27;4.5;19;16;14;12;23;15;16;19;14
663;1;0.0;0.0;4.4;711592;1907212;27;3.9;19;5.9;0.90;2.9;4.9;7.9;2.9;9.9;5.9
664;1;0.0;0.0;4.4;711592;1907212;27;3.8;19;6.0;2.0;2.0;6.0;9.0;4.0;9.0;5.0
#eof
